{"Train F1 normal": 47.08839416503906, "Val F1 normal": 86.5753402709961, "_timestamp": 1711116041.240771, "Train F1 AVNRT": 26.996374130249023, "Val F1 AVNRT": 47.73662185668945, "Train F1 AVRT": 49.692832946777344, "Val F1 AVRT": 0.0, "Train F1 concealed": 35.640716552734375, "Val F1 concealed": 58.56353759765625, "Train F1 EAT": 36.56927490234375, "Val F1 EAT": 10.68702220916748, "Best val F1": 40.71250557899475, "Weight Name": "ECGCNNClassifier_tachy_B64_L1e-06_22-03-24-14-59", "Best Val F1 normal": 86.5753402709961, "Best Val F1 AVNRT": 47.73662185668945, "Best Val F1 AVRT": 0.0, "Best Val F1 concealed": 58.56353759765625, "Best Val F1 EAT": 10.68702220916748, "train Confusion Matrix": {"_type": "table-file", "sha256": "0937ec1c65530edea47b16bc87ba792c8a062981be39dc342feef90f0235f2e6", "size": 377, "artifact_path": "wandb-client-artifact://4wud2dub2ryax747vl48udspct85zypyyzkl8aehw6chtvdwc034rfixra33611ruqqu4c4o7dgg11kfywmfhbro13w1lm9hoxlihq2l308le3g4vw4lyfeh4c99ts3k:latest/train Confusion Matrix.table.json", "_latest_artifact_path": "wandb-client-artifact://4wud2dub2ryax747vl48udspct85zypyyzkl8aehw6chtvdwc034rfixra33611ruqqu4c4o7dgg11kfywmfhbro13w1lm9hoxlihq2l308le3g4vw4lyfeh4c99ts3k:latest/train Confusion Matrix.table.json", "path": "media/table/train Confusion Matrix_2_0937ec1c65530edea47b.table.json", "ncols": 6, "nrows": 5}, "Val Confusion Matrix": {"_type": "table-file", "sha256": "fbb574d1bb8cd9a4c82d3edd2b5971e29135d52569bfa1ce80eb62fd9c31b16d", "size": 342, "artifact_path": "wandb-client-artifact://m2pa1qktfnkbiyn36ywddit6k3q1k8r8d6h5m69bt5i86am4uvmg8fy3fqrs76a6fy456a46bmmyxm3ng906o4d6tigtrg68mx9d7sv2s0ufxpjsc2w1n58nbkeuxbod:latest/Val Confusion Matrix.table.json", "_latest_artifact_path": "wandb-client-artifact://m2pa1qktfnkbiyn36ywddit6k3q1k8r8d6h5m69bt5i86am4uvmg8fy3fqrs76a6fy456a46bmmyxm3ng906o4d6tigtrg68mx9d7sv2s0ufxpjsc2w1n58nbkeuxbod:latest/Val Confusion Matrix.table.json", "path": "media/table/Val Confusion Matrix_2_fbb574d1bb8cd9a4c82d.table.json", "ncols": 6, "nrows": 5}, "train acc": 39.37988725222768, "train loss": 15.367900199668352, "train F1": 39.197519421577454, "val acc": 70.10159651669086, "val loss": 1.2304179885170676, "val F1": 40.71250557899475, "_runtime": 50.99662494659424, "_step": 2, "_wandb": {"runtime": 52}}