{"Train F1 normal": 99.96212005615234, "Val F1 normal": 80.70175170898438, "_timestamp": 1715252981.1758869, "Train F1 PSVT": 99.97660827636719, "Val F1 PSVT": 86.74698638916016, "Best val F1": 90.95607399940491, "Weight Name": "ECGCNNClassifier_fold1_tachy_B64_L0.0001_09-05-24-13-05", "Best Val F1 normal": 88.8888931274414, "Best Val F1 PSVT": 93.02326202392578, "train acc": 99.97108155002891, "train loss": 0.031120306113119448, "train vis loss": 0.031120306113119448, "train F1": 99.96936321258545, "val acc": 84.28571428571429, "val loss": 1.8695359791346347, "val F1": 83.72436761856079, "_runtime": 255.5413749217987, "_step": 19, "_wandb": {"runtime": 255}}