{"Epochs": 32, "_timestamp": 1710780543.3491144, "_runtime": 2271.5871403217316, "_step": 359, "train acc": 99.88542001931123, "train loss": 6.8183669380144, "train F1": 99.88581538200378, "val acc": 93.05403859156395, "val loss": 0.42512075146499434, "val F1": 45.1830118894577, "Train F1 normal": 99.72573852539062, "Val F1 normal": 97.01822662353516, "Train F1 AVNRT": 99.74526977539062, "Val F1 AVNRT": 38.35145568847656, "Train F1 AVRT": 99.99354553222656, "Val F1 AVRT": 83.41463470458984, "Train F1 concealed": 99.97747802734375, "Val F1 concealed": 7.130730152130127, "Train F1 EAT": 99.987060546875, "Val F1 EAT": 0.0, "Best val F1": 45.82941234111786, "Weight Name": "ECGCNNClassifier_pre_B64_L1e-06_18-03-24-17-11", "Best Val F1 normal": 97.29972076416016, "Best Val F1 AVNRT": 39.840145111083984, "Best Val F1 AVRT": 85.07078552246094, "Best Val F1 concealed": 6.936416149139404, "Best Val F1 EAT": 0.0, "_wandb": {"runtime": 2279}}