{"Train F1 NORM": 79.43162536621094, "Val F1 NORM": 82.94828796386719, "_timestamp": 1714727132.52329, "Train F1 MI": 35.72990036010742, "Val F1 MI": 35.14099884033203, "Train F1 STTC": 45.75265121459961, "Val F1 STTC": 42.776737213134766, "Train F1 CD": 47.810970306396484, "Val F1 CD": 48.0, "Train F1 HYP": 37.693450927734375, "Val F1 HYP": 33.84981918334961, "Best val F1": 49.18889105319977, "Weight Name": "CNN2023Attia_ptb_B64_L1.0000000000000001e-11_03-05-24-08-46", "Best Val F1 NORM": 82.59911346435547, "Best Val F1 MI": 36.131771087646484, "Best Val F1 STTC": 43.96003723144531, "Best Val F1 CD": 47.602439880371094, "Best Val F1 HYP": 35.65107345581055, "train acc": 56.68864623161169, "train loss": 1.8388453437109078, "train vis loss": 1.1583352739820831, "train F1": 49.32939112186432, "val acc": 57.93556085918854, "val loss": 1.1791435738779463, "val F1": 48.97184371948242, "_runtime": 8342.586159944534, "_step": 110, "_wandb": {"runtime": 8337}}