{"Train F1 NORM": 88.20020294189453, "Val F1 NORM": 86.90621948242188, "_timestamp": 1715617016.2292454, "Train F1 MI": 60.489356994628906, "Val F1 MI": 36.58310317993164, "Train F1 STTC": 59.386749267578125, "Val F1 STTC": 44.702239990234375, "Train F1 CD": 60.31855773925781, "Val F1 CD": 47.47404861450195, "Train F1 HYP": 55.42005920410156, "Val F1 HYP": 18.262149810791016, "Best val F1": 50.290870666503906, "Weight Name": "ECGCNNClassifier_ptb_B64_L1e-07_13-05-24-18-06", "Best Val F1 NORM": 86.1734390258789, "Best Val F1 MI": 39.3084602355957, "Best Val F1 STTC": 42.99225997924805, "Best Val F1 CD": 51.747314453125, "Best Val F1 HYP": 31.23287582397461, "train acc": 71.07767489711934, "train loss": 0.994157706513817, "train vis loss": 0.994157706513817, "train F1": 64.54527974128723, "val acc": 59.784006171252244, "val loss": 1.3067038117862138, "val F1": 46.88466191291809, "_runtime": 643.0475845336914, "_step": 26, "_wandb": {"runtime": 642}}