{"Train F1 NORM": 84.1598892211914, "Val F1 NORM": 86.10507202148438, "_timestamp": 1722265451.711737, "Train F1 MI": 58.46154022216797, "Val F1 MI": 35.21657180786133, "Train F1 STTC": 56.49872589111328, "Val F1 STTC": 42.801551818847656, "Train F1 CD": 58.18120193481445, "Val F1 CD": 44.968772888183594, "Train F1 HYP": 54.75871658325195, "Val F1 HYP": 19.146183013916016, "Best val F1": 50.69247484207153, "Weight Name": "ECGCNNClassifier_ptb_B6_L1e-07_29-07-24-16-43", "Best Val F1 NORM": 86.5916748046875, "Best Val F1 MI": 40.035430908203125, "Best Val F1 STTC": 46.87252426147461, "Best Val F1 CD": 47.921390533447266, "Best Val F1 HYP": 32.04133987426758, "train acc": 68.20987654320987, "train loss": 1.3819520000230383, "train vis loss": 1.0012044247561767, "train F1": 62.412017583847046, "val acc": 57.726922087940345, "val loss": 1.3825553266219623, "val F1": 45.64763009548187, "_runtime": 1219.8656458854675, "_step": 17, "_wandb": {"runtime": 1226}}