{"Train F1 normal": 56.745601654052734, "Val F1 normal": 92.7639389038086, "_timestamp": 1711285042.5342815, "Train F1 AVNRT": 34.96088409423828, "Val F1 AVNRT": 55.922325134277344, "Train F1 AVRT": 71.95647430419922, "Val F1 AVRT": 0.0, "Train F1 concealed": 58.80126190185547, "Val F1 concealed": 48.33333206176758, "Train F1 EAT": 51.28318786621094, "Val F1 EAT": 32.75861740112305, "Best val F1": 45.95564305782318, "Weight Name": "ECGCNNClassifier_tachy_B64_L1e-06_24-03-24-13-55", "Best Val F1 normal": 92.7639389038086, "Best Val F1 AVNRT": 55.922325134277344, "Best Val F1 AVRT": 0.0, "Best Val F1 concealed": 48.33333206176758, "Best Val F1 EAT": 32.75861740112305, "Training Confusion Matrix": {"_type": "table-file", "sha256": "570ef7f5824d23694677e2c373712faba75ee8b354eca4f4f992b3854c56fef0", "size": 374, "artifact_path": "wandb-client-artifact://k49emxga6e4g3ufbfuyi8zw7heizr5i80as2rxbp8nvksrn3vvi1i1mqe6obvu6ha2uay1z8qshw7i0iwhjl1nsl15yiqkt6hqf9tgb4wrpan9h0niu7e509jt59i9kd:latest/Training Confusion Matrix.table.json", "_latest_artifact_path": "wandb-client-artifact://k49emxga6e4g3ufbfuyi8zw7heizr5i80as2rxbp8nvksrn3vvi1i1mqe6obvu6ha2uay1z8qshw7i0iwhjl1nsl15yiqkt6hqf9tgb4wrpan9h0niu7e509jt59i9kd:latest/Training Confusion Matrix.table.json", "path": "media/table/Training Confusion Matrix_5_570ef7f5824d23694677.table.json", "ncols": 6, "nrows": 5}, "Validation Confusion Matrix": {"_type": "table-file", "sha256": "521f3d5adff149426f0350694d2630a72ef3d4e90b987ee70816adf0083c13bc", "size": 341, "artifact_path": "wandb-client-artifact://pkh1u8ok96cy5na8dsxrxt930m9hij369y5fgwsw57ovjzg59mkdfgneypevjuxjf0kl1wr8w3p06fdbca0lbio0w5cy4qboh4qerzt9vanwltzugoaxj3t9qu30fhn9:latest/Validation Confusion Matrix.table.json", "_latest_artifact_path": "wandb-client-artifact://pkh1u8ok96cy5na8dsxrxt930m9hij369y5fgwsw57ovjzg59mkdfgneypevjuxjf0kl1wr8w3p06fdbca0lbio0w5cy4qboh4qerzt9vanwltzugoaxj3t9qu30fhn9:latest/Validation Confusion Matrix.table.json", "path": "media/table/Validation Confusion Matrix_5_521f3d5adff149426f03.table.json", "ncols": 6, "nrows": 5}, "train acc": 55.446444808146936, "train loss": 14.992213825846827, "train F1": 54.74948287010193, "val acc": 74.1654571843251, "val loss": 1.0962466976859353, "val F1": 45.95564305782318, "_runtime": 95.91870951652527, "_step": 35, "Test F1": 45.02907693386078, "Test F1 normal": 86.51685333251953, "Test F1 AVNRT": 54.97076416015625, "Test F1 AVRT": 46.42857360839844, "Test F1 concealed": 2.2598869800567627, "Test F1 EAT": 34.96932601928711, "_wandb": {"runtime": 95}}