{"train acc": 99.81332475056325, "train loss": 0.003552989981738615, "train F1": 99.83330965042114, "_timestamp": 1710760020.7840197, "_runtime": 2864.269955635071, "_step": 321, "val acc": 93.30108701305456, "val loss": 1.3220214967022277, "val F1": 45.77673375606537, "Train F1 normal": 99.86194610595703, "Val F1 normal": 97.12572479248047, "Train F1 AVNRT": 99.55083465576172, "Val F1 AVNRT": 39.331260681152344, "Train F1 AVRT": 99.98406982421875, "Val F1 AVRT": 85.82474517822266, "Train F1 concealed": 99.79715728759766, "Val F1 concealed": 6.601942539215088, "Train F1 EAT": 99.9725341796875, "Val F1 EAT": 0.0, "_wandb": {"runtime": 2863}}