{"Train F1 normal": 98.76819610595703, "Val F1 normal": 94.11764526367188, "_timestamp": 1711286328.2143369, "Train F1 AVNRT": 98.88713073730469, "Val F1 AVNRT": 77.59397888183594, "Train F1 AVRT": 99.95393371582031, "Val F1 AVRT": 10.909090995788574, "Train F1 concealed": 99.86045837402344, "Val F1 concealed": 50.6849365234375, "Train F1 EAT": 99.28666687011719, "Val F1 EAT": 57.80347442626953, "Best val F1": 64.43096995353699, "Weight Name": "ECGCNNClassifier_tachy_B64_L1e-06_24-03-24-14-10", "Best Val F1 normal": 95.31713104248047, "Best Val F1 AVNRT": 78.36991119384766, "Best Val F1 AVRT": 25.396827697753906, "Best Val F1 concealed": 63.58381652832031, "Best Val F1 EAT": 59.48717498779297, "Training Confusion Matrix": {"_type": "table-file", "sha256": "9f128e6c9647a1463ba82362200f9c5b1f4c63b8ba9788e22d1ba779ad2eb6c5", "size": 358, "artifact_path": "wandb-client-artifact://evvzyeey6dy87oa4k636k5mzdcx9k9sa35zh17hx41gx01rmnr1l67otlvfkjpm9ildq6japqbihxry2132bmhzav3oyy8jgzsfl1jlkpa2538t015asqlig58re2u53:latest/Training Confusion Matrix.table.json", "_latest_artifact_path": "wandb-client-artifact://evvzyeey6dy87oa4k636k5mzdcx9k9sa35zh17hx41gx01rmnr1l67otlvfkjpm9ildq6japqbihxry2132bmhzav3oyy8jgzsfl1jlkpa2538t015asqlig58re2u53:latest/Training Confusion Matrix.table.json", "path": "media/table/Training Confusion Matrix_14_9f128e6c9647a1463ba8.table.json", "ncols": 6, "nrows": 5}, "Validation Confusion Matrix": {"_type": "table-file", "sha256": "908f4dcc24de009e2ba56c9dd7ccb50bda4b89ff461b7fdf27b3e9e09dcd116f", "size": 340, "artifact_path": "wandb-client-artifact://lv7oclh62c4auqqvsn3u3rwrlisc4wyja2wchuykqtxocspjgsst3iokiq8c128tym1qvd62ogucmy4t2zq0zwzq623w29piqepo0g8vj1fgabzf7nasgnwpi6uq7k64:latest/Validation Confusion Matrix.table.json", "_latest_artifact_path": "wandb-client-artifact://lv7oclh62c4auqqvsn3u3rwrlisc4wyja2wchuykqtxocspjgsst3iokiq8c128tym1qvd62ogucmy4t2zq0zwzq623w29piqepo0g8vj1fgabzf7nasgnwpi6uq7k64:latest/Validation Confusion Matrix.table.json", "path": "media/table/Validation Confusion Matrix_14_908f4dcc24de009e2ba5.table.json", "ncols": 6, "nrows": 5}, "train acc": 99.27259501727586, "train loss": 12.4858668959418, "train F1": 99.27045106887817, "val acc": 83.16400580551525, "val loss": 0.5830264362421903, "val F1": 55.150026082992554, "_runtime": 480.9350628852844, "_step": 56, "Test F1": 58.1267774105072, "Test F1 normal": 94.32157897949219, "Test F1 AVNRT": 74.22003936767578, "Test F1 AVRT": 58.823524475097656, "Test F1 concealed": 2.0618557929992676, "Test F1 EAT": 61.20689392089844, "_wandb": {"runtime": 480}}