{"Train F1 normal": 99.17865753173828, "Val F1 normal": 94.82450866699219, "_timestamp": 1711287113.1197584, "Train F1 AVNRT": 98.13523864746094, "Val F1 AVNRT": 71.6012191772461, "Train F1 AVRT": 98.73060607910156, "Val F1 AVRT": 0.0, "Train F1 concealed": 98.42738342285156, "Val F1 concealed": 65.77181243896484, "Train F1 EAT": 97.17096710205078, "Val F1 EAT": 59.61539077758789, "Best val F1": 59.29906368255615, "Weight Name": "ECGCNNClassifier_tachy_B64_L1e-06_24-03-24-14-20", "Best Val F1 normal": 95.15840148925781, "Best Val F1 AVNRT": 70.45813751220703, "Best Val F1 AVRT": 0.0, "Best Val F1 concealed": 67.87879180908203, "Best Val F1 EAT": 63.0, "Training Confusion Matrix": {"_type": "table-file", "sha256": "ed1e2c90be6740a5b3edd139b86f208329aaf99593d1d8cd2962536c78c8b064", "size": 353, "artifact_path": "wandb-client-artifact://6j864iddb1avtggfnqm4wexyb3ltsnstu8fs0lu0fy0v2cday7pe9omh8uwp90s92lgi7q8us00ruyt5fwahlmalv8i1huuocoytn26bwpzhf2n5ql6hg1a1j6j0mtg9:latest/Training Confusion Matrix.table.json", "_latest_artifact_path": "wandb-client-artifact://6j864iddb1avtggfnqm4wexyb3ltsnstu8fs0lu0fy0v2cday7pe9omh8uwp90s92lgi7q8us00ruyt5fwahlmalv8i1huuocoytn26bwpzhf2n5ql6hg1a1j6j0mtg9:latest/Training Confusion Matrix.table.json", "path": "media/table/Training Confusion Matrix_24_ed1e2c90be6740a5b3ed.table.json", "ncols": 6, "nrows": 5}, "Validation Confusion Matrix": {"_type": "table-file", "sha256": "39b054b1129e2b6573b9ecd2a74b9d51f9e12d905633984ece1f9a266b7384c5", "size": 341, "artifact_path": "wandb-client-artifact://wteem2qcyifdpzg6hzwnk1oyht2jwu8h3vw2g83ltgxl6diacxg14lr9ews9tspaonwrywzu9zpdtdo0mc8nz6gsoxo4pzwrnvessfws12bxdzagulc0cstg8nk4t87r:latest/Validation Confusion Matrix.table.json", "_latest_artifact_path": "wandb-client-artifact://wteem2qcyifdpzg6hzwnk1oyht2jwu8h3vw2g83ltgxl6diacxg14lr9ews9tspaonwrywzu9zpdtdo0mc8nz6gsoxo4pzwrnvessfws12bxdzagulc0cstg8nk4t87r:latest/Validation Confusion Matrix.table.json", "path": "media/table/Validation Confusion Matrix_24_39b054b1129e2b6573b9.table.json", "ncols": 6, "nrows": 5}, "train acc": 98.37243135115476, "train loss": 12.339439081591228, "train F1": 97.8303849697113, "val acc": 83.09143686502178, "val loss": 1.705084884708578, "val F1": 58.53345990180969, "_runtime": 659.9503834247589, "_step": 66, "Test F1": 49.791207909584045, "Test F1 normal": 94.57647705078125, "Test F1 AVNRT": 73.45576477050781, "Test F1 AVRT": 28.28282928466797, "Test F1 concealed": 1.459854006767273, "Test F1 EAT": 51.18110275268555, "_wandb": {"runtime": 658}}