{"Train F1 NORM": 84.41339874267578, "Val F1 NORM": 83.27539825439453, "_timestamp": 1714683955.1225076, "Train F1 MI": 48.86000442504883, "Val F1 MI": 35.035037994384766, "Train F1 STTC": 54.074825286865234, "Val F1 STTC": 38.03571319580078, "Train F1 CD": 54.20048904418945, "Val F1 CD": 41.367225646972656, "Train F1 HYP": 50.00340270996094, "Val F1 HYP": 18.24561309814453, "Best val F1": 48.07839393615723, "Weight Name": "CNN2023Attia_ptb_B64_L1e-05_02-05-24-22-59", "Best Val F1 NORM": 82.94161987304688, "Best Val F1 MI": 34.856536865234375, "Best Val F1 STTC": 42.79154968261719, "Best Val F1 CD": 48.63945388793945, "Best Val F1 HYP": 31.162790298461914, "train acc": 64.45993454733977, "train loss": 1.5665362682473543, "train vis loss": 0.9447488080905224, "train F1": 58.31042528152466, "val acc": 53.10262529832935, "val loss": 1.2898310197974152, "val F1": 43.19179654121399, "_runtime": 402.22092866897583, "_step": 5, "_wandb": {"runtime": 474}}