{"Train F1 normal": 99.4900894165039, "Val F1 normal": 82.1428451538086, "_timestamp": 1715253571.7851353, "Train F1 PSVT": 99.68372344970703, "Val F1 PSVT": 88.09524536132812, "Best val F1": 86.52406334877014, "Weight Name": "ECGCNNClassifier_fold1_tachy_B64_L1e-06_09-05-24-13-12", "Best Val F1 normal": 83.63636016845703, "Best Val F1 PSVT": 89.4117660522461, "train acc": 99.6096009253904, "train loss": 0.02123861003495328, "train vis loss": 0.02123861003495328, "train F1": 99.58690404891968, "val acc": 85.71428571428571, "val loss": 0.9289212815601483, "val F1": 85.1190447807312, "_runtime": 431.22929215431213, "_step": 32}