{"Train F1 normal": 69.77108001708984, "Val F1 normal": 91.73020935058594, "_timestamp": 1711285433.8484478, "Train F1 AVNRT": 31.37837028503418, "Val F1 AVNRT": 41.942604064941406, "Train F1 AVRT": 72.07647705078125, "Val F1 AVRT": 0.0, "Train F1 concealed": 61.018348693847656, "Val F1 concealed": 43.97163009643555, "Train F1 EAT": 32.44635009765625, "Val F1 EAT": 20.100502014160156, "Best val F1": 39.5489901304245, "Weight Name": "ECGCNNClassifier_tachy_B64_L1e-06_24-03-24-14-02", "Best Val F1 normal": 91.73020935058594, "Best Val F1 AVNRT": 41.942604064941406, "Best Val F1 AVRT": 0.0, "Best Val F1 concealed": 43.97163009643555, "Best Val F1 EAT": 20.100502014160156, "Training Confusion Matrix": {"_type": "table-file", "sha256": "910a68abdd40409fb2d6bb0a4bf018e2c6bdd1a66a7de6c24fb774aaf95b95bf", "size": 374, "artifact_path": "wandb-client-artifact://i5rs326ldxj12d14iiiflhyxrrutpmliuf98t1kuuxm6w5rlrc17ldabvnomqxmekx82idhf4vutt0kvvm9lsis7fau9mguoi487xd2p5fnpeokrb32z90z9411qx732:latest/Training Confusion Matrix.table.json", "_latest_artifact_path": "wandb-client-artifact://i5rs326ldxj12d14iiiflhyxrrutpmliuf98t1kuuxm6w5rlrc17ldabvnomqxmekx82idhf4vutt0kvvm9lsis7fau9mguoi487xd2p5fnpeokrb32z90z9411qx732:latest/Training Confusion Matrix.table.json", "path": "media/table/Training Confusion Matrix_5_910a68abdd40409fb2d6.table.json", "ncols": 6, "nrows": 5}, "Validation Confusion Matrix": {"_type": "table-file", "sha256": "35e3d6f6c1998be72e1c10b40318bc1927157f15e93bd6dbdd3759591b869201", "size": 343, "artifact_path": "wandb-client-artifact://81bddd271ws5sc3ou8h52dyaacnlwdfpsm299o61pwtq6ye85v74vhru25pwzfbyh3jht9lfxdcuy2v0qcda300kuc3rs32w300abc8wuq98d9eq9skoc29zbjii16k8:latest/Validation Confusion Matrix.table.json", "_latest_artifact_path": "wandb-client-artifact://81bddd271ws5sc3ou8h52dyaacnlwdfpsm299o61pwtq6ye85v74vhru25pwzfbyh3jht9lfxdcuy2v0qcda300kuc3rs32w300abc8wuq98d9eq9skoc29zbjii16k8:latest/Validation Confusion Matrix.table.json", "path": "media/table/Validation Confusion Matrix_5_35e3d6f6c1998be72e1c.table.json", "ncols": 6, "nrows": 5}, "train acc": 55.32824149845427, "train loss": 14.989872422329215, "train F1": 53.338128328323364, "val acc": 69.59361393323658, "val loss": 0.9367340478030118, "val F1": 39.5489901304245, "_runtime": 100.01365375518799, "_step": 35, "Test F1": 41.791945695877075, "Test F1 normal": 93.28621673583984, "Test F1 AVNRT": 34.854774475097656, "Test F1 AVRT": 38.235294342041016, "Test F1 concealed": 2.030457019805908, "Test F1 EAT": 40.55299758911133, "_wandb": {"runtime": 99}}