{"Train F1 normal": 98.98036193847656, "Val F1 normal": 81.96720886230469, "_timestamp": 1715255313.5600486, "Train F1 PSVT": 99.3712158203125, "Val F1 PSVT": 85.71427917480469, "Best val F1": 87.83068656921387, "Weight Name": "ECGCNNClassifier_fold4_tachy_B64_L3e-06_09-05-24-13-31", "Best Val F1 normal": 85.1851806640625, "Best Val F1 PSVT": 90.47618865966797, "train acc": 99.22212618841833, "train loss": 0.031942634322884036, "train vis loss": 0.031942634322884036, "train F1": 99.1757869720459, "val acc": 84.05797101449275, "val loss": 0.48787539148073894, "val F1": 83.84074568748474, "_runtime": 138.31560969352722, "_step": 10, "_wandb": {"runtime": 148}}