{"Train F1 SR": 99.61278533935547, "Val F1 SR": 94.81745910644531, "_timestamp": 1711376219.4645584, "Train F1 AFIB": 98.66419982910156, "Val F1 AFIB": 75.71311950683594, "Train F1 STACH": 98.873779296875, "Val F1 STACH": 91.66119384765625, "Train F1 SARRH": 98.07513427734375, "Val F1 SARRH": 6.177606582641602, "Train F1 SBRAD": 98.46920013427734, "Val F1 SBRAD": 58.32512283325195, "Train F1 PACE": 98.8604507446289, "Val F1 PACE": 82.16783142089844, "Train F1 SVARR": 96.41944122314453, "Val F1 SVARR": 0.0, "Train F1 BIGU": 59.62963104248047, "Val F1 BIGU": 50.74626922607422, "Train F1 AFLT": 82.08802032470703, "Val F1 AFLT": 44.1860466003418, "Train F1 SVTAC": 61.3636360168457, "Val F1 SVTAC": 0.0, "Train F1 PSVT": 62.19239044189453, "Val F1 PSVT": 0.0, "Train F1 TRIGU": 50.59524154663086, "Val F1 TRIGU": 0.0, "Best val F1": 44.68652606010437, "Weight Name": "ECGCNNClassifier_PTBXL_B64_L1e-05_25-03-24-14-08", "Best Val F1 SR": 94.80599975585938, "Best Val F1 AFIB": 82.69141387939453, "Best Val F1 STACH": 92.72376251220703, "Best Val F1 SARRH": 3.6793694496154785, "Best Val F1 SBRAD": 59.73332977294922, "Best Val F1 PACE": 76.73179626464844, "Best Val F1 SVARR": 0.0, "Best Val F1 BIGU": 59.87260818481445, "Best Val F1 AFLT": 66.0, "Best Val F1 SVTAC": 0.0, "Best Val F1 PSVT": 0.0, "Best Val F1 TRIGU": 0.0, "train acc": 99.09264651799333, "train loss": 0.8997899983308197, "train F1": 83.25856924057007, "val acc": 89.47709593777009, "val loss": 0.7323498557610758, "val F1": 42.93215274810791, "_runtime": 4095.3580293655396, "_step": 31, "_wandb": {"runtime": 4095}}