{"train Confusion Matrix": {"_type": "table-file", "sha256": "8498dd2133f9c91ccb7ce7310620a26b38a4bdf62bf769bdd4cb39cd85d2511f", "size": 342, "artifact_path": "wandb-client-artifact://2tha13d7gewurk6o2saelhfgwm4exb9p7fpozpu8lqbneieu7oks4r3lxxf14p0yc7k897wac1y00fltdqmohl8meib2myoqyc95rusiaj4s39gohvd65ixt54s0lh91:latest/train Confusion Matrix.table.json", "_latest_artifact_path": "wandb-client-artifact://2tha13d7gewurk6o2saelhfgwm4exb9p7fpozpu8lqbneieu7oks4r3lxxf14p0yc7k897wac1y00fltdqmohl8meib2myoqyc95rusiaj4s39gohvd65ixt54s0lh91:latest/train Confusion Matrix.table.json", "path": "media/table/train Confusion Matrix_24_8498dd2133f9c91ccb7c.table.json", "ncols": 6, "nrows": 5}, "_timestamp": 1711113878.5330083, "Val Confusion Matrix": {"_type": "table-file", "sha256": "40bd2f6991dd0e14338378e6d8bfe12a65b23fc098662a285d8f5ebf14b8ee69", "size": 342, "artifact_path": "wandb-client-artifact://dqxm5ulbrna60sgdh4nceejx7cu61frhe8573th3p90h6mxxg4ypc3lptd0vypzb3jx349e0kqy2sqqla1nafs5gmwbgmfern4d8rqcyb6zwyt3krmxdk3e9n9b3bp98:latest/Val Confusion Matrix.table.json", "_latest_artifact_path": "wandb-client-artifact://dqxm5ulbrna60sgdh4nceejx7cu61frhe8573th3p90h6mxxg4ypc3lptd0vypzb3jx349e0kqy2sqqla1nafs5gmwbgmfern4d8rqcyb6zwyt3krmxdk3e9n9b3bp98:latest/Val Confusion Matrix.table.json", "path": "media/table/Val Confusion Matrix_25_40bd2f6991dd0e143383.table.json", "ncols": 6, "nrows": 5}, "Train F1 normal": 99.12239837646484, "Val F1 normal": 95.30516052246094, "Train F1 AVNRT": 99.48979187011719, "Val F1 AVNRT": 76.31975555419922, "Train F1 AVRT": 99.93136596679688, "Val F1 AVRT": 3.7037036418914795, "Train F1 concealed": 99.8257064819336, "Val F1 concealed": 32.000003814697266, "Train F1 EAT": 99.56749725341797, "Val F1 EAT": 58.378379821777344, "Best val F1": 59.38637852668762, "Weight Name": "ECGCNNClassifier_tachy_B64_L1e-06_22-03-24-14-18", "Best Val F1 normal": 95.00595092773438, "Best Val F1 AVNRT": 75.52674102783203, "Best Val F1 AVRT": 9.230769157409668, "Best Val F1 concealed": 56.08465576171875, "Best Val F1 EAT": 61.08374786376953, "train acc": 99.36352064011639, "train loss": 12.480493340381356, "train F1": 99.36067461967468, "val acc": 83.01886792452831, "val loss": 0.6143119931221008, "val F1": 54.16613221168518, "_runtime": 395.75087428092957, "_step": 25, "_wandb": {"runtime": 396}}