{"Train F1 normal": 51.99435806274414, "Val F1 normal": 87.76811218261719, "_timestamp": 1711315914.5784755, "Train F1 AVNRT": 23.165254592895508, "Val F1 AVNRT": 28.832950592041016, "Train F1 AVRT": 15.42397689819336, "Val F1 AVRT": 9.523809432983398, "Train F1 concealed": 18.190298080444336, "Val F1 concealed": 35.45454406738281, "Train F1 EAT": 11.187932014465332, "Val F1 EAT": 1.639344334602356, "Best val F1": 33.01042020320892, "Weight Name": "ECGCNNClassifier_tachy_B64_L1e-06_24-03-24-22-30", "Best Val F1 normal": 85.59954833984375, "Best Val F1 AVNRT": 32.09302520751953, "Best Val F1 AVRT": 8.108108520507812, "Best Val F1 concealed": 34.34343338012695, "Best Val F1 EAT": 4.907975673675537, "Training Confusion Matrix": {"_type": "table-file", "sha256": "cb88c960da043318359cbddff9cafa94102730bc9a945e6f794a6ad7c7604265", "size": 372, "artifact_path": "wandb-client-artifact://6e03wei8lb0pbnjf354swv78gaxeuvqwideollsrvspxnpz297zb2df9op4nqzzcnuxapg8kmd0saw3d7qouwkzexk40mlnjp212wbrdy2snjc9nd3nit8yrq1oy39ta:latest/Training Confusion Matrix.table.json", "_latest_artifact_path": "wandb-client-artifact://6e03wei8lb0pbnjf354swv78gaxeuvqwideollsrvspxnpz297zb2df9op4nqzzcnuxapg8kmd0saw3d7qouwkzexk40mlnjp212wbrdy2snjc9nd3nit8yrq1oy39ta:latest/Training Confusion Matrix.table.json", "path": "media/table/Training Confusion Matrix_3_cb88c960da043318359c.table.json", "ncols": 6, "nrows": 5}, "Validation Confusion Matrix": {"_type": "table-file", "sha256": "3cf536b59a1852794b2d9b60e89feb40991a01ab65b7557d3746e2052cbcb73a", "size": 343, "artifact_path": "wandb-client-artifact://46kmkt1heqgemwflvpvrfy61nf81qgl79z9xtwos4yk340u0oibllxo6pv99zqujnncoodf4j089gffpo0hvyubd9dua4ks2lohmmdvfbqa8k5tyz8e81g04yfrh96q9:latest/Validation Confusion Matrix.table.json", "_latest_artifact_path": "wandb-client-artifact://46kmkt1heqgemwflvpvrfy61nf81qgl79z9xtwos4yk340u0oibllxo6pv99zqujnncoodf4j089gffpo0hvyubd9dua4ks2lohmmdvfbqa8k5tyz8e81g04yfrh96q9:latest/Validation Confusion Matrix.table.json", "path": "media/table/Validation Confusion Matrix_3_3cf536b59a1852794b2d.table.json", "ncols": 6, "nrows": 5}, "train acc": 32.99690852882342, "train loss": 15.367191397866538, "train F1": 23.99236410856247, "val acc": 63.28011611030478, "val loss": 1.486808803948489, "val F1": 32.64375329017639, "_runtime": 69.81082653999329, "_step": 4, "_wandb": {"runtime": 77}}