{"Train F1 NORM": 92.38797760009766, "Val F1 NORM": 81.289306640625, "_timestamp": 1714718168.7286866, "Train F1 MI": 64.98897552490234, "Val F1 MI": 24.10546112060547, "Train F1 STTC": 66.98538208007812, "Val F1 STTC": 29.10381507873535, "Train F1 CD": 64.30400848388672, "Val F1 CD": 30.238290786743164, "Train F1 HYP": 63.20954132080078, "Val F1 HYP": 6.896551609039307, "Best val F1": 48.07839393615723, "Weight Name": "CNN2023Attia_ptb_B64_L1e-05_03-05-24-08-18", "Best Val F1 NORM": 82.94161987304688, "Best Val F1 MI": 34.856536865234375, "Best Val F1 STTC": 42.79154968261719, "Best Val F1 CD": 48.63945388793945, "Best Val F1 HYP": 31.162790298461914, "train acc": 74.67840710258571, "train loss": 1.2186576732704217, "train vis loss": 0.6406014906952207, "train F1": 69.58610415458679, "val acc": 46.06205250596659, "val loss": 1.8440957406781755, "val F1": 34.42024886608124, "_runtime": 1082.7005054950714, "_step": 14, "_wandb": {"runtime": 1081}}