{"Train F1 normal": 99.48876953125, "Val F1 normal": 94.27569580078125, "_timestamp": 1711150799.6080754, "Train F1 AVNRT": 99.68609619140625, "Val F1 AVNRT": 77.2727279663086, "Train F1 AVRT": 99.9300537109375, "Val F1 AVRT": 0.0, "Train F1 concealed": 99.88633728027344, "Val F1 concealed": 38.80596923828125, "Train F1 EAT": 99.51712799072266, "Val F1 EAT": 55.913970947265625, "Best val F1": 56.87442421913147, "Weight Name": "ECGCNNClassifier_tachy_B64_L1e-06_23-03-24-00-31", "Best Val F1 normal": 94.48725891113281, "Best Val F1 AVNRT": 78.89059448242188, "Best Val F1 AVRT": 0.0, "Best Val F1 concealed": 57.97101974487305, "Best Val F1 EAT": 53.02325439453125, "Training Confusion Matrix": {"_type": "table-file", "sha256": "4b4645ac874857b30874c2cd177d4884615a0071eebfa2bb2624960881333598", "size": 351, "artifact_path": "wandb-client-artifact://awa3weytp7ul33mhu9l5j46u9ywhxatlgl0ohlihl9d0a20txi4wplv53eh50sda6rmajh8jn8jnxwim89ezt6xrzw8tiji4ljh73vwr0xsbm5zrr3u4iv6eb2rdz48j:latest/Training Confusion Matrix.table.json", "_latest_artifact_path": "wandb-client-artifact://awa3weytp7ul33mhu9l5j46u9ywhxatlgl0ohlihl9d0a20txi4wplv53eh50sda6rmajh8jn8jnxwim89ezt6xrzw8tiji4ljh73vwr0xsbm5zrr3u4iv6eb2rdz48j:latest/Training Confusion Matrix.table.json", "path": "media/table/Training Confusion Matrix_18_4b4645ac874857b30874.table.json", "ncols": 6, "nrows": 5}, "Validation Confusion Matrix": {"_type": "table-file", "sha256": "e001b2256a29dafe3c039c97202a4241827ad1a40af8b6abb9073720eb67404a", "size": 342, "artifact_path": "wandb-client-artifact://8bigqyo99d2l55zu6fzaz02zfpu0zv2745ddo8uuk0yotpktdgwv8c6pbcejz19c0z7f9x5gc1d7zqhhqqk7kewmwfyil0gr0z84635ldfa2t4a3hlut35x8ka49qo1u:latest/Validation Confusion Matrix.table.json", "_latest_artifact_path": "wandb-client-artifact://8bigqyo99d2l55zu6fzaz02zfpu0zv2745ddo8uuk0yotpktdgwv8c6pbcejz19c0z7f9x5gc1d7zqhhqqk7kewmwfyil0gr0z84635ldfa2t4a3hlut35x8ka49qo1u:latest/Validation Confusion Matrix.table.json", "path": "media/table/Validation Confusion Matrix_18_e001b2256a29dafe3c03.table.json", "ncols": 6, "nrows": 5}, "train acc": 99.58174213493362, "train loss": 12.241581378981124, "train F1": 99.58308339118958, "val acc": 82.43831640058055, "val loss": 0.6388208378445018, "val F1": 52.836477756500244, "_runtime": 500.1294324398041, "_step": 31, "Test F1": 53.77122759819031, "_wandb": {"runtime": 545}}