{"Train F1 NORM": 93.16352844238281, "Val F1 NORM": 78.7914047241211, "_timestamp": 1715251785.7676513, "Train F1 MI": 71.21406555175781, "Val F1 MI": 32.480316162109375, "Train F1 STTC": 71.273193359375, "Val F1 STTC": 42.70186233520508, "Train F1 CD": 70.55879974365234, "Val F1 CD": 45.37930679321289, "Train F1 HYP": 64.7586669921875, "Val F1 HYP": 12.326656341552734, "Best val F1": 51.163166761398315, "Weight Name": "ECGCNNClassifier_ptb_B64_L5e-08_09-05-24-12-01", "Best Val F1 NORM": 80.66361236572266, "Best Val F1 MI": 39.581153869628906, "Best Val F1 STTC": 48.67180633544922, "Best Val F1 CD": 54.5577278137207, "Best Val F1 HYP": 32.34152603149414, "train acc": 75.45862337597065, "train loss": 0.7414660172183606, "train vis loss": 0.7414660172183606, "train F1": 73.35416078567505, "val acc": 48.66100587851078, "val loss": 1.5309148617088795, "val F1": 41.6193813085556, "_runtime": 2867.998205423355, "_step": 16, "_wandb": {"runtime": 2867}}