{"Train F1 normal": 99.3448715209961, "Val F1 normal": 94.9648666381836, "_timestamp": 1711118921.1760657, "Train F1 AVNRT": 99.4867172241211, "Val F1 AVNRT": 71.71561431884766, "Train F1 AVRT": 99.93142700195312, "Val F1 AVRT": 0.0, "Train F1 concealed": 99.71219635009766, "Val F1 concealed": 47.272727966308594, "Train F1 EAT": 99.65509796142578, "Val F1 EAT": 60.4395637512207, "Best val F1": 57.706862688064575, "Weight Name": "ECGCNNClassifier_tachy_B64_L1e-06_22-03-24-15-42", "Best Val F1 normal": 94.93746948242188, "Best Val F1 AVNRT": 73.71794891357422, "Best Val F1 AVRT": 0.0, "Best Val F1 concealed": 61.11111068725586, "Best Val F1 EAT": 58.76777267456055, "Training Confusion Matrix": {"_type": "table-file", "sha256": "ac4dc51c62ee8dd82e64367be54a7c763e62d3a8008a9bed9e4d8baf7bea5d4b", "size": 355, "artifact_path": "wandb-client-artifact://0epu0m9b3o8eguwn5mgfr4popdb81nz0nl4wwoxuw1t4ylf7l1eapb3va9sisnuob8kr8vxtodfxmpenr9nyrpxpuovqnznkjnulmzga21lyu1ji5srrzlyemynzle9m:latest/Training Confusion Matrix.table.json", "_latest_artifact_path": "wandb-client-artifact://0epu0m9b3o8eguwn5mgfr4popdb81nz0nl4wwoxuw1t4ylf7l1eapb3va9sisnuob8kr8vxtodfxmpenr9nyrpxpuovqnznkjnulmzga21lyu1ji5srrzlyemynzle9m:latest/Training Confusion Matrix.table.json", "path": "media/table/Training Confusion Matrix_14_ac4dc51c62ee8dd82e64.table.json", "ncols": 6, "nrows": 5}, "Validation Confusion Matrix": {"_type": "table-file", "sha256": "d7823d2ca19200e6fcf029a6b883573a9d51fe2ee19488c37366e773d7c40aca", "size": 340, "artifact_path": "wandb-client-artifact://mbwui4f8z8cxkw17tc0r6ayyi5nm0r9y4mt4rh27gvgetj46k45nbi3m3981mtci4dffwn96krpbgw7h1b96dwh3ssuq5is20gh8xmbm167ddzvl8rln7k6dkncjnafg:latest/Validation Confusion Matrix.table.json", "_latest_artifact_path": "wandb-client-artifact://mbwui4f8z8cxkw17tc0r6ayyi5nm0r9y4mt4rh27gvgetj46k45nbi3m3981mtci4dffwn96krpbgw7h1b96dwh3ssuq5is20gh8xmbm167ddzvl8rln7k6dkncjnafg:latest/Validation Confusion Matrix.table.json", "path": "media/table/Validation Confusion Matrix_14_d7823d2ca19200e6fcf0.table.json", "ncols": 6, "nrows": 5}, "train acc": 99.57264957264957, "train loss": 12.426111077153406, "train F1": 99.57470297813416, "val acc": 82.36574746008708, "val loss": 0.6653960184617476, "val F1": 54.48569655418396, "_runtime": 399.7669987678528, "_step": 26, "_wandb": {"runtime": 400}}