{"_wandb": {"runtime": 57}, "Train F1 normal": 13.407432556152344, "Val F1 normal": 8.045977592468262, "_timestamp": 1711115933.9055774, "Train F1 AVNRT": 26.208881378173828, "Val F1 AVNRT": 52.38937759399414, "Train F1 AVRT": 23.717788696289062, "Val F1 AVRT": 0.0, "Train F1 concealed": 27.020692825317383, "Val F1 concealed": 15.000000953674316, "Train F1 EAT": 20.248027801513672, "Val F1 EAT": 10.666666984558105, "Best val F1": 17.220404744148254, "Weight Name": "ECGCNNClassifier_tachy_B64_L1e-06_22-03-24-14-58", "Best Val F1 normal": 8.045977592468262, "Best Val F1 AVNRT": 52.38937759399414, "Best Val F1 AVRT": 0.0, "Best Val F1 concealed": 15.000000953674316, "Best Val F1 EAT": 10.666666984558105, "train Confusion Matrix": {"_type": "table-file", "sha256": "83529300e9f4e5ce9a784eb408847e3a0aa54f30c99ca6c43880b1581fffbe9d", "size": 375, "artifact_path": "wandb-client-artifact://o91fdtnvi7p4n3hd12ozvs6tfuk02b7xuzt16hgznfk6t6imo2i2avijlz2zn6zrdkg3l2btfe50rj05ytk1bqzzl70xxb0vock0yhfzn3bsbt59girb2yx07f1mr8lp:latest/train Confusion Matrix.table.json", "_latest_artifact_path": "wandb-client-artifact://o91fdtnvi7p4n3hd12ozvs6tfuk02b7xuzt16hgznfk6t6imo2i2avijlz2zn6zrdkg3l2btfe50rj05ytk1bqzzl70xxb0vock0yhfzn3bsbt59girb2yx07f1mr8lp:latest/train Confusion Matrix.table.json", "path": "media/table/train Confusion Matrix_0_83529300e9f4e5ce9a78.table.json", "ncols": 6, "nrows": 5}, "_runtime": 19.860419511795044, "_step": 0}