{"Train F1 NORM": 97.16383361816406, "Val F1 NORM": 81.20063781738281, "_timestamp": 1714666677.2739217, "Train F1 MI": 72.27766418457031, "Val F1 MI": 29.990800857543945, "Train F1 STTC": 71.625244140625, "Val F1 STTC": 26.496564865112305, "Train F1 CD": 70.54903411865234, "Val F1 CD": 34.928226470947266, "Train F1 HYP": 65.26199340820312, "Val F1 HYP": 17.241378784179688, "Best val F1": 52.601319551467896, "Weight Name": "ECGCNNClassifier_ptb_B64_L0.001_02-05-24-17-48", "Best Val F1 NORM": 80.18668365478516, "Best Val F1 MI": 50.689125061035156, "Best Val F1 STTC": 42.058162689208984, "Best Val F1 CD": 54.31104278564453, "Best Val F1 HYP": 35.76158905029297, "train acc": 80.39174389216512, "train loss": 0.41881666787088445, "train vis loss": 0.41881666787088445, "train F1": 75.37555694580078, "val acc": 48.18019093078759, "val loss": 4.498467386893506, "val F1": 37.97152042388916, "_runtime": 1740.1003468036652, "_step": 6, "_wandb": {"runtime": 1845}}