{"Training Confusion Matrix": {"_type": "table-file", "sha256": "78f5d4e04b7c6a8d14ccf713268addce72822300f956de68329fd162a3f9428f", "size": 343, "artifact_path": "wandb-client-artifact://5l0hct3aljj5fifwzlwqyotpgjquhctb2fksflzwbeddqb91uwle05qk102y9mh7w2zsmtvckk9a5x5bve3msoap8zt2oshuc6ybasagwcujpiilwlv2rfm3g19xa9yt:latest/Training Confusion Matrix.table.json", "_latest_artifact_path": "wandb-client-artifact://5l0hct3aljj5fifwzlwqyotpgjquhctb2fksflzwbeddqb91uwle05qk102y9mh7w2zsmtvckk9a5x5bve3msoap8zt2oshuc6ybasagwcujpiilwlv2rfm3g19xa9yt:latest/Training Confusion Matrix.table.json", "path": "media/table/Training Confusion Matrix_27_78f5d4e04b7c6a8d14cc.table.json", "ncols": 6, "nrows": 5}, "_timestamp": 1711112288.4356794, "Val Confusion Matrix": {"_type": "table-file", "sha256": "f1f86d34c1a0be77c53cd7dfe300e581abc91aba329e9940d9f6ed0884c01fc5", "size": 340, "artifact_path": "wandb-client-artifact://gsnf7mu3lxny32rqmrntiq1xrox7h3ntwwmi1f0q3y0ncpa52tcmjyeo4uvt1qy4usrri19piln21tf2q9r05eiztxy58704x30l3dqby4fi6si7sg9kahe28qeqwavy:latest/Val Confusion Matrix.table.json", "_latest_artifact_path": "wandb-client-artifact://gsnf7mu3lxny32rqmrntiq1xrox7h3ntwwmi1f0q3y0ncpa52tcmjyeo4uvt1qy4usrri19piln21tf2q9r05eiztxy58704x30l3dqby4fi6si7sg9kahe28qeqwavy:latest/Val Confusion Matrix.table.json", "path": "media/table/Val Confusion Matrix_28_f1f86d34c1a0be77c53c.table.json", "ncols": 6, "nrows": 5}, "Train F1 normal": 99.38162231445312, "Val F1 normal": 94.64285278320312, "Train F1 AVNRT": 99.41465759277344, "Val F1 AVNRT": 74.92877197265625, "Train F1 AVRT": 99.88746643066406, "Val F1 AVRT": 0.0, "Train F1 concealed": 99.84110260009766, "Val F1 concealed": 39.70587921142578, "Train F1 EAT": 99.79305267333984, "Val F1 EAT": 58.378379821777344, "Best val F1": 60.338133573532104, "Weight Name": "ECGCNNClassifier_tachy_B64_L1e-06_22-03-24-13-50", "Best Val F1 normal": 94.61077117919922, "Best Val F1 AVNRT": 78.18448638916016, "Best Val F1 AVRT": 0.0, "Best Val F1 concealed": 65.45455169677734, "Best Val F1 EAT": 63.44086456298828, "train acc": 99.7181305691944, "train loss": 12.267291440520175, "train F1": 99.72004890441895, "val acc": 83.09143686502178, "val loss": 0.6598888473077253, "val F1": 54.9170196056366, "_runtime": 437.2888493537903, "_step": 28, "_wandb": {"runtime": 438}}