{"Train F1 NORM": 97.26624298095703, "Val F1 NORM": 80.09669494628906, "_timestamp": 1714993144.6549442, "Train F1 MI": 72.1998519897461, "Val F1 MI": 33.7662353515625, "Train F1 STTC": 71.5306167602539, "Val F1 STTC": 26.350709915161133, "Train F1 CD": 70.42316436767578, "Val F1 CD": 32.63825607299805, "Train F1 HYP": 65.84634399414062, "Val F1 HYP": 8.849557876586914, "Best val F1": 51.3455331325531, "Weight Name": "ECGCNNClassifier_ptb_B64_L1e-05_06-05-24-12-47", "Best Val F1 NORM": 83.12401580810547, "Best Val F1 MI": 34.26488494873047, "Best Val F1 STTC": 44.385963439941406, "Best Val F1 CD": 54.756717681884766, "Best Val F1 HYP": 40.196075439453125, "train acc": 80.58129738837405, "train loss": 0.4222142177097725, "train vis loss": 0.4222142177097725, "train F1": 75.51832795143127, "val acc": 48.12052505966587, "val loss": 2.645485558599796, "val F1": 36.761292815208435, "_runtime": 678.7301661968231, "_step": 14, "_wandb": {"runtime": 678}}