{"Train F1 normal": 99.88640594482422, "Val F1 normal": 90.90908813476562, "_timestamp": 1715254916.1771092, "Train F1 PSVT": 99.93003845214844, "Val F1 PSVT": 93.97589874267578, "Best val F1": 93.9895510673523, "Weight Name": "ECGCNNClassifier_fold2_tachy_B64_L3e-06_09-05-24-13-31", "Best Val F1 normal": 92.85714721679688, "Best Val F1 PSVT": 95.12195587158203, "train acc": 99.89897532111416, "train loss": 0.0048293597423773385, "train vis loss": 0.0048293597423773385, "train F1": 99.89291429519653, "val acc": 92.7536231884058, "val loss": 0.13308903827591956, "val F1": 92.4424946308136, "_runtime": 313.8691692352295, "_step": 23, "Test F1": 93.9895510673523, "Test F1 normal": 92.85714721679688, "Test F1 PSVT": 95.12195587158203, "_wandb": {"runtime": 312}}