{"Training Confusion Matrix": [[2143, 37, 0, 0, 8], [35, 2270, 11, 5, 2], [0, 9, 2135, 0, 0], [0, 3, 0, 2177, 1], [2, 3, 1, 3, 2153]], "_timestamp": 1711111503.9266086, "Validation Confusion Matrix": [[818, 4, 0, 0, 10], [26, 262, 0, 30, 20], [3, 43, 0, 2, 4], [0, 28, 0, 37, 0], [20, 8, 0, 8, 55]], "Train F1 normal": 98.12271118164062, "Val F1 normal": 96.29193878173828, "Train F1 AVNRT": 97.739501953125, "Val F1 AVNRT": 76.72035217285156, "Train F1 AVRT": 99.51060485839844, "Val F1 AVRT": 0.0, "Train F1 concealed": 99.72514343261719, "Val F1 concealed": 52.112674713134766, "Train F1 EAT": 99.53767395019531, "Val F1 EAT": 61.11111068725586, "Best val F1": 60.048216581344604, "Weight Name": "ECGCNNClassifier_tachy_B64_L1e-06_22-03-24-13-39", "Best Val F1 normal": 94.49485778808594, "Best Val F1 AVNRT": 77.42899322509766, "Best Val F1 AVRT": 0.0, "Best Val F1 concealed": 67.07317352294922, "Best Val F1 EAT": 61.244022369384766, "train acc": 98.86342971449355, "train loss": 12.620592078497243, "train F1": 98.86038899421692, "val acc": 84.61538461538461, "val loss": 0.5430785776539282, "val F1": 56.81236386299133, "_runtime": 362.7208526134491, "_step": 24, "_wandb": {"runtime": 363}}