{"Train F1 normal": 55.78800582885742, "Val F1 normal": 88.35616302490234, "_timestamp": 1711315652.4205735, "Train F1 AVNRT": 24.944616317749023, "Val F1 AVNRT": 23.357664108276367, "Train F1 AVRT": 21.248144149780273, "Val F1 AVRT": 0.0, "Train F1 concealed": 22.783761978149414, "Val F1 concealed": 33.62318801879883, "Train F1 EAT": 14.223669052124023, "Val F1 EAT": 1.5384615659713745, "Best val F1": 29.375097155570984, "Weight Name": "ECGCNNClassifier_tachy_B64_L1e-06_24-03-24-22-26", "Best Val F1 normal": 88.35616302490234, "Best Val F1 AVNRT": 23.357664108276367, "Best Val F1 AVRT": 0.0, "Best Val F1 concealed": 33.62318801879883, "Best Val F1 EAT": 1.5384615659713745, "Training Confusion Matrix": {"_type": "table-file", "sha256": "b3e464d36f8bd1b33f1704d212f6af45e9159cb659ed08ebe5c42f39cb50d28d", "size": 371, "artifact_path": "wandb-client-artifact://ef0qeh5xs42zxp8z0t6bpzq66xr2js6o8qh3sse0owijt25fxwnkbicfvsm5dnlgrwbnn42wtka8qtwm8unlfn78dwgmjsucjxbbl5hik7zm7x0jjb0jupusnnprd5tx:latest/Training Confusion Matrix.table.json", "_latest_artifact_path": "wandb-client-artifact://ef0qeh5xs42zxp8z0t6bpzq66xr2js6o8qh3sse0owijt25fxwnkbicfvsm5dnlgrwbnn42wtka8qtwm8unlfn78dwgmjsucjxbbl5hik7zm7x0jjb0jupusnnprd5tx:latest/Training Confusion Matrix.table.json", "path": "media/table/Training Confusion Matrix_5_b3e464d36f8bd1b33f17.table.json", "ncols": 6, "nrows": 5}, "Validation Confusion Matrix": {"_type": "table-file", "sha256": "e70e0ea85a4d462b3632635a6a8c46291f370c8e81ee184080665cac9e41908f", "size": 343, "artifact_path": "wandb-client-artifact://pm8m1e4t2txldymhtg7cwmuoa7vb5px4yi3tnfwo6kwx0pjp3tv7i9khl5a3chxxmm3tbtr34n020ks9azqfstn8mw9u9ge3abmdpxfb4vrpweu4eskm2693ra3s1o60:latest/Validation Confusion Matrix.table.json", "_latest_artifact_path": "wandb-client-artifact://pm8m1e4t2txldymhtg7cwmuoa7vb5px4yi3tnfwo6kwx0pjp3tv7i9khl5a3chxxmm3tbtr34n020ks9azqfstn8mw9u9ge3abmdpxfb4vrpweu4eskm2693ra3s1o60:latest/Validation Confusion Matrix.table.json", "path": "media/table/Validation Confusion Matrix_5_e70e0ea85a4d462b3632.table.json", "ncols": 6, "nrows": 5}, "train acc": 36.7612293144208, "train loss": 15.268258693606354, "train F1": 27.7976393699646, "val acc": 63.93323657474601, "val loss": 1.4817772534760563, "val F1": 29.375097155570984, "_runtime": 88.98886036872864, "_step": 35, "Test F1": 37.83867657184601, "Test F1 normal": 87.67772674560547, "Test F1 AVNRT": 31.884061813354492, "Test F1 AVRT": 23.28767204284668, "Test F1 concealed": 11.371237754821777, "Test F1 EAT": 34.972679138183594, "_wandb": {"runtime": 88}}