{"Train F1 normal": 99.79178619384766, "Val F1 normal": 87.71929931640625, "_timestamp": 1715255169.7072134, "Train F1 PSVT": 99.87171936035156, "Val F1 PSVT": 91.35801696777344, "Best val F1": 89.53865766525269, "Weight Name": "ECGCNNClassifier_fold3_tachy_B64_L3e-06_09-05-24-13-31", "Best Val F1 normal": 87.71929931640625, "Best Val F1 PSVT": 91.35801696777344, "train acc": 99.79795064222832, "train loss": 0.008776272565737497, "train vis loss": 0.008776272565737497, "train F1": 99.78591203689575, "val acc": 89.85507246376811, "val loss": 0.7394338336051536, "val F1": 89.53865766525269, "_runtime": 246.67477345466614, "_step": 18, "Test F1": 89.53865766525269, "Test F1 normal": 87.71929931640625, "Test F1 PSVT": 91.35801696777344, "_wandb": {"runtime": 245}}