{"Train F1 NORM": 95.59420776367188, "Val F1 NORM": 83.69052124023438, "_timestamp": 1714992371.7650473, "Train F1 MI": 23.813758850097656, "Val F1 MI": 0.0, "Train F1 STTC": 71.19349670410156, "Val F1 STTC": 31.341991424560547, "Train F1 CD": 56.773521423339844, "Val F1 CD": 42.061279296875, "Train F1 HYP": 65.0019302368164, "Val F1 HYP": 10.051546096801758, "Best val F1": 42.26492941379547, "Weight Name": "ECGCNNClassifier_ptb_B64_L5e-07_06-05-24-12-18", "Best Val F1 NORM": 82.98555755615234, "Best Val F1 MI": 33.615020751953125, "Best Val F1 STTC": 35.61873245239258, "Best Val F1 CD": 44.59346008300781, "Best Val F1 HYP": 14.511874198913574, "train acc": 72.08358985159742, "train loss": 3682.515197247653, "train vis loss": 1.0702795021935039, "train F1": 62.47538924217224, "val acc": 49.940334128878284, "val loss": 1.4001648808425327, "val F1": 33.42907130718231, "_runtime": 1683.7860832214355, "_step": 3, "_wandb": {"runtime": 1719}}