{"Train F1 NORM": 98.29093170166016, "Val F1 NORM": 77.80400848388672, "_timestamp": 1715108763.186466, "Train F1 MI": 79.46197509765625, "Val F1 MI": 30.98311996459961, "Train F1 STTC": 78.07819366455078, "Val F1 STTC": 40.97959518432617, "Train F1 CD": 80.16454315185547, "Val F1 CD": 42.471038818359375, "Train F1 HYP": 68.19075012207031, "Val F1 HYP": 10.24844741821289, "Best val F1": 42.97765791416168, "Weight Name": "ECGCNNClassifier_ptb_B64_L1e-05_07-05-24-20-37", "Best Val F1 NORM": 79.08455657958984, "Best Val F1 MI": 30.734968185424805, "Best Val F1 STTC": 46.19926071166992, "Best Val F1 CD": 43.206851959228516, "Best Val F1 HYP": 15.662651062011719, "train acc": 82.984444500289, "train loss": 1.5260437853286983, "train vis loss": 1.4875657018094393, "train F1": 80.83727955818176, "val acc": 46.66884389288047, "val loss": 23.649632175763447, "val F1": 40.49724042415619, "_runtime": 1709.8642210960388, "_step": 9}