{"Train F1 NORM": 87.13865661621094, "Val F1 NORM": 87.03535461425781, "_timestamp": 1715615361.6571593, "Train F1 MI": 56.84425354003906, "Val F1 MI": 39.376220703125, "Train F1 STTC": 57.72275924682617, "Val F1 STTC": 43.270023345947266, "Train F1 CD": 57.66255187988281, "Val F1 CD": 50.59760665893555, "Train F1 HYP": 51.288230895996094, "Val F1 HYP": 23.1404972076416, "Best val F1": 51.2679398059845, "Weight Name": "ECGCNNClassifier_ptb_B64_L1e-08_13-05-24-15-55", "Best Val F1 NORM": 87.13520050048828, "Best Val F1 MI": 39.38775634765625, "Best Val F1 STTC": 46.14107894897461, "Best Val F1 CD": 52.19178009033203, "Best Val F1 HYP": 31.48387336730957, "train acc": 68.86178379233935, "train loss": 1.0207207565369505, "train vis loss": 1.0207207565369505, "train F1": 61.6740882396698, "val acc": 61.63538184623296, "val loss": 1.2568519467213115, "val F1": 49.095937609672546, "_runtime": 6816.313309431076, "_step": 30, "_wandb": {"runtime": 6815}}