{"Train F1 normal": 99.65985870361328, "Val F1 normal": 82.75862121582031, "_timestamp": 1715254594.0698545, "Train F1 PSVT": 99.78922271728516, "Val F1 PSVT": 87.80487823486328, "Best val F1": 89.37323689460754, "Weight Name": "ECGCNNClassifier_fold1_tachy_B64_L3e-06_09-05-24-13-31", "Best Val F1 normal": 86.79244995117188, "Best Val F1 PSVT": 91.95402526855469, "train acc": 99.84094852515906, "train loss": 0.023056991667249952, "train vis loss": 0.023056991667249952, "train F1": 99.83150959014893, "val acc": 88.57142857142857, "val loss": 1.0429423517746992, "val F1": 87.55555748939514, "_runtime": 299.53723645210266, "_step": 22, "Test F1": 89.37323689460754, "Test F1 normal": 86.79244995117188, "Test F1 PSVT": 91.95402526855469, "_wandb": {"runtime": 298}}