{"Train F1 NORM": 94.40199279785156, "Val F1 NORM": 76.78350067138672, "_timestamp": 1715075322.85316, "Train F1 MI": 61.78036880493164, "Val F1 MI": 32.25806427001953, "Train F1 STTC": 62.21205520629883, "Val F1 STTC": 18.3843994140625, "Train F1 CD": 60.97651290893555, "Val F1 CD": 41.96277618408203, "Train F1 HYP": 58.25201416015625, "Val F1 HYP": 28.758167266845703, "Best val F1": 51.3455331325531, "Weight Name": "ECGCNNClassifier_ptb_B64_L1e-05_07-05-24-11-44", "Best Val F1 NORM": 83.12401580810547, "Best Val F1 MI": 34.26488494873047, "Best Val F1 STTC": 44.385963439941406, "Best Val F1 CD": 54.756717681884766, "Best Val F1 HYP": 40.196075439453125, "train acc": 73.68102358887953, "train loss": 0.7034125762054013, "train vis loss": 0.7034125762054013, "train F1": 67.52459406852722, "val acc": 49.04534606205251, "val loss": 1.6796005851817581, "val F1": 39.629384875297546, "_runtime": 232.49970197677612, "_step": 5, "_wandb": {"runtime": 255}}