{"Train F1 normal": 86.21068572998047, "Val F1 normal": 95.41938781738281, "_timestamp": 1711284746.500302, "Train F1 AVNRT": 43.2914924621582, "Val F1 AVNRT": 57.88496780395508, "Train F1 AVRT": 91.56033325195312, "Val F1 AVRT": 0.0, "Train F1 concealed": 82.39845275878906, "Val F1 concealed": 48.27585983276367, "Train F1 EAT": 68.4654312133789, "Val F1 EAT": 47.05882263183594, "Best val F1": 49.72780644893646, "Weight Name": "ECGCNNClassifier_tachy_B64_L1e-06_24-03-24-13-49", "Best Val F1 normal": 95.41938781738281, "Best Val F1 AVNRT": 57.88496780395508, "Best Val F1 AVRT": 0.0, "Best Val F1 concealed": 48.27585983276367, "Best Val F1 EAT": 47.05882263183594, "Training Confusion Matrix": {"_type": "table-file", "sha256": "aa3de0a3c9c4401b9658a72689dfad60f8e73a13d14d4bd65733e54cad4a8d24", "size": 364, "artifact_path": "wandb-client-artifact://p5wbokhxwx8ppypi34s2kezksbjy6v68ez2dhrw5y00jucy61evwwa75yg1i6r60blczads1jbk31u8udfd4wxxjb8onwzsgzyubmbxp0qurh16q5sb3nx7cp3gadkdb:latest/Training Confusion Matrix.table.json", "_latest_artifact_path": "wandb-client-artifact://p5wbokhxwx8ppypi34s2kezksbjy6v68ez2dhrw5y00jucy61evwwa75yg1i6r60blczads1jbk31u8udfd4wxxjb8onwzsgzyubmbxp0qurh16q5sb3nx7cp3gadkdb:latest/Training Confusion Matrix.table.json", "path": "media/table/Training Confusion Matrix_10_aa3de0a3c9c4401b9658.table.json", "ncols": 6, "nrows": 5}, "Validation Confusion Matrix": {"_type": "table-file", "sha256": "984a533890c2e685eabc8163c30c71fe6bf27334e7d70ab15bda95163150c339", "size": 341, "artifact_path": "wandb-client-artifact://3ukd9e7b6k3iyvpv1jbwmi01sf5ph18wgpmzm2oa2mp60defje4w3xqa5mvyupfdjpuihzirfwuncjip2bzrhqe62ol0z0dfrlu3zssf8x6mzrslmwoh2aqn7k8l6jim:latest/Validation Confusion Matrix.table.json", "_latest_artifact_path": "wandb-client-artifact://3ukd9e7b6k3iyvpv1jbwmi01sf5ph18wgpmzm2oa2mp60defje4w3xqa5mvyupfdjpuihzirfwuncjip2bzrhqe62ol0z0dfrlu3zssf8x6mzrslmwoh2aqn7k8l6jim:latest/Validation Confusion Matrix.table.json", "path": "media/table/Validation Confusion Matrix_10_984a533890c2e685eabc.table.json", "ncols": 6, "nrows": 5}, "train acc": 75.6683033278778, "train loss": 14.238100301387698, "train F1": 74.38527941703796, "val acc": 77.6487663280116, "val loss": 0.6879668655720624, "val F1": 49.72780644893646, "_runtime": 183.28240203857422, "_step": 40, "Test F1": 47.920677065849304, "Test F1 normal": 94.8809585571289, "Test F1 AVNRT": 44.97816848754883, "Test F1 AVRT": 42.0, "Test F1 concealed": 1.9138755798339844, "Test F1 EAT": 55.83039093017578, "_wandb": {"runtime": 182}}