{"Train F1 NORM": 98.26370239257812, "Val F1 NORM": 78.50348663330078, "_timestamp": 1715107000.5030992, "Train F1 MI": 79.82955932617188, "Val F1 MI": 37.087379455566406, "Train F1 STTC": 78.2523193359375, "Val F1 STTC": 40.476192474365234, "Train F1 CD": 79.855712890625, "Val F1 CD": 44.71184158325195, "Train F1 HYP": 68.22064208984375, "Val F1 HYP": 10.61946964263916, "Best val F1": 58.01551342010498, "Weight Name": "ECGCNNClassifier_ptb_B64_L0.0001_07-05-24-19-57", "Best Val F1 NORM": 83.28075408935547, "Best Val F1 MI": 52.98281478881836, "Best Val F1 STTC": 59.81308364868164, "Best Val F1 CD": 56.808799743652344, "Best Val F1 HYP": 37.19211959838867, "train acc": 82.8405749754982, "train loss": 0.2962459604887717, "train vis loss": 0.2962459604887717, "train F1": 80.71672320365906, "val acc": 49.869366427171784, "val loss": 6.4295664280653, "val F1": 43.955087661743164, "_runtime": 2341.506974220276, "_step": 13, "_wandb": {"runtime": 2340}}