{"train Confusion Matrix": {"_type": "table-file", "sha256": "59ffe0835f2c70ce9a8d59bda46ae0ce4375d2ed8d0821fccdf7b90794745acb", "size": 376, "artifact_path": "wandb-client-artifact://deib26fz003ccmaoai0tjxsuzj9nbly4t5q6xcyu7z8m2wqwqnibkpuxqj5glb2xtcriocjb1i6tol9ivyz5etw0eyt07ai5c0l8eqo28t5aw1ote7rv2dasupmys569:latest/train Confusion Matrix.table.json", "_latest_artifact_path": "wandb-client-artifact://deib26fz003ccmaoai0tjxsuzj9nbly4t5q6xcyu7z8m2wqwqnibkpuxqj5glb2xtcriocjb1i6tol9ivyz5etw0eyt07ai5c0l8eqo28t5aw1ote7rv2dasupmys569:latest/train Confusion Matrix.table.json", "path": "media/table/train Confusion Matrix_0_59ffe0835f2c70ce9a8d.table.json", "ncols": 6, "nrows": 5}, "_timestamp": 1711114680.5102546, "Val Confusion Matrix": {"_type": "table-file", "sha256": "ea084fdee79524326afd07f7a123e31e3ac8b5bfd27635d64482eb317dc2d7c1", "size": 339, "artifact_path": "wandb-client-artifact://57shylflhi2e3xf7dvxr5x1d5z2hpf4o6p3jx038ic9r4qrbumzjjv5fr58g4x9cmmy27ajszs21xj3f53ic09330vvxj2lbh16x8ju61mdmjxfg020mhg0h4andcwrj:latest/Val Confusion Matrix.table.json", "_latest_artifact_path": "wandb-client-artifact://57shylflhi2e3xf7dvxr5x1d5z2hpf4o6p3jx038ic9r4qrbumzjjv5fr58g4x9cmmy27ajszs21xj3f53ic09330vvxj2lbh16x8ju61mdmjxfg020mhg0h4andcwrj:latest/Val Confusion Matrix.table.json", "path": "media/table/Val Confusion Matrix_1_ea084fdee79524326afd.table.json", "ncols": 6, "nrows": 5}, "Train F1 normal": 35.76480484008789, "Val F1 normal": 83.07066345214844, "Train F1 AVNRT": 23.532264709472656, "Val F1 AVNRT": 22.84263801574707, "Train F1 AVRT": 35.109130859375, "Val F1 AVRT": 6.45161247253418, "Train F1 concealed": 33.93561935424805, "Val F1 concealed": 48.30917739868164, "Train F1 EAT": 23.122886657714844, "Val F1 EAT": 2.1052632331848145, "Best val F1": 34.224578738212585, "Weight Name": "ECGCNNClassifier_tachy_B64_L1e-06_22-03-24-14-37", "Best Val F1 normal": 80.8262710571289, "Best Val F1 AVNRT": 18.40193748474121, "Best Val F1 AVRT": 32.09876251220703, "Best Val F1 concealed": 39.79591751098633, "Best Val F1 EAT": 0.0, "train acc": 30.73286052009456, "train loss": 15.541818457980488, "train F1": 30.292940139770508, "val acc": 66.47314949201741, "val loss": 1.3142286755821921, "val F1": 32.555872201919556, "_runtime": 36.14801263809204, "_step": 1, "_wandb": {"runtime": 39}}