{"Train F1 NORM": 71.35455322265625, "Val F1 NORM": 75.68543243408203, "_timestamp": 1714730538.6672735, "Train F1 MI": 24.641599655151367, "Val F1 MI": 27.13347625732422, "Train F1 STTC": 22.026718139648438, "Val F1 STTC": 26.0, "Train F1 CD": 36.606075286865234, "Val F1 CD": 38.50931930541992, "Train F1 HYP": 29.929107666015625, "Val F1 HYP": 28.859737396240234, "Best val F1": 39.23759162425995, "Weight Name": "CNN2023Attia_ptb_B64_L5e-07_03-05-24-11-54", "Best Val F1 NORM": 75.68543243408203, "Best Val F1 MI": 27.13347625732422, "Best Val F1 STTC": 26.0, "Best Val F1 CD": 38.50931930541992, "Best Val F1 HYP": 28.859737396240234, "train acc": 46.895251441902666, "train loss": 2.194845562805593, "train vis loss": 1.3767875788309465, "train F1": 36.91161274909973, "val acc": 49.22434367541766, "val loss": 1.3451908849320322, "val F1": 39.23759162425995, "_runtime": 446.88230061531067, "_step": 3, "_wandb": {"runtime": 466}}