{"Train F1 SR": 99.2885971069336, "Val F1 SR": 94.2901382446289, "_timestamp": 1711371992.3554785, "Train F1 AFIB": 88.08305358886719, "Val F1 AFIB": 67.3732681274414, "Train F1 STACH": 93.66921997070312, "Val F1 STACH": 89.09451293945312, "Train F1 SARRH": 73.56977081298828, "Val F1 SARRH": 7.551240921020508, "Train F1 SBRAD": 90.57112121582031, "Val F1 SBRAD": 56.17232894897461, "Train F1 PACE": 82.8365478515625, "Val F1 PACE": 74.32675170898438, "Train F1 SVARR": 0.0, "Val F1 SVARR": 0.0, "Train F1 BIGU": 0.4848484992980957, "Val F1 BIGU": 0.0, "Train F1 AFLT": 0.0, "Val F1 AFLT": 0.0, "Train F1 SVTAC": 0.0, "Val F1 SVTAC": 0.0, "Train F1 PSVT": 0.0, "Val F1 PSVT": 0.0, "Train F1 TRIGU": 0.0, "Val F1 TRIGU": 0.0, "Best val F1": 32.44807720184326, "Weight Name": "ECGCNNClassifier_PTBXL_B64_L3e-07_25-03-24-13-17", "Best Val F1 SR": 94.21367645263672, "Best Val F1 AFIB": 68.04217529296875, "Best Val F1 STACH": 88.44415283203125, "Best Val F1 SARRH": 8.085105895996094, "Best Val F1 SBRAD": 55.41195297241211, "Best Val F1 PACE": 75.17984771728516, "Best Val F1 SVARR": 0.0, "Best Val F1 BIGU": 0.0, "Best Val F1 AFLT": 0.0, "Best Val F1 SVTAC": 0.0, "Best Val F1 PSVT": 0.0, "Best Val F1 TRIGU": 0.0, "train acc": 96.21805422416756, "train loss": 0.14717686663232285, "train F1": 44.04193162918091, "val acc": 88.02398444252377, "val loss": 0.652934970578243, "val F1": 32.40068852901459, "_runtime": 2987.3645844459534, "_step": 27, "_wandb": {"runtime": 3097}}