{"Train F1 NORM": 94.22025299072266, "Val F1 NORM": 82.95845031738281, "_timestamp": 1714664882.1663527, "Train F1 MI": 66.4715347290039, "Val F1 MI": 35.97785949707031, "Train F1 STTC": 66.1629409790039, "Val F1 STTC": 34.4651985168457, "Train F1 CD": 64.81749725341797, "Val F1 CD": 36.56927490234375, "Train F1 HYP": 61.63723373413086, "Val F1 HYP": 16.622690200805664, "Best val F1": 50.96736550331116, "Weight Name": "CNN2023Attia_ptb_B64_L0.001_02-05-24-17-43", "Best Val F1 NORM": 84.46154022216797, "Best Val F1 MI": 39.57894515991211, "Best Val F1 STTC": 41.535430908203125, "Best Val F1 CD": 55.55555725097656, "Best Val F1 HYP": 33.70536422729492, "train acc": 75.96437366340484, "train loss": 0.5478100699424249, "train vis loss": 0.5478100699424249, "train F1": 70.66189646720886, "val acc": 51.998806682577566, "val loss": 2.3388233027368224, "val F1": 41.31869375705719, "_runtime": 249.15372681617737, "_step": 4, "_wandb": {"runtime": 263}}