{"Train F1 normal": 99.84860229492188, "Val F1 normal": 82.75862121582031, "_timestamp": 1715254260.306408, "Train F1 PSVT": 99.90641021728516, "Val F1 PSVT": 87.80487823486328, "Best val F1": 90.95607399940491, "Weight Name": "ECGCNNClassifier_fold1_tachy_B64_L1e-05_09-05-24-13-28", "Best Val F1 normal": 88.8888931274414, "Best Val F1 PSVT": 93.02326202392578, "train acc": 99.88432620011567, "train loss": 0.005969897353680763, "train vis loss": 0.005969897353680763, "train F1": 99.8775064945221, "val acc": 85.71428571428571, "val loss": 0.9853465743853418, "val F1": 85.28175354003906, "_runtime": 162.9813380241394, "_step": 12, "_wandb": {"runtime": 170}}