{"Train F1 normal": 96.29630279541016, "Val F1 normal": 82.1428451538086, "_timestamp": 1715256559.0972521, "Train F1 PSVT": 97.62808990478516, "Val F1 PSVT": 88.09524536132812, "Best val F1": 85.1190447807312, "Weight Name": "ECGCNNClassifier_fold1_tachy_B64_L3e-06_09-05-24-14-07", "Best Val F1 normal": 82.1428451538086, "Best Val F1 PSVT": 88.09524536132812, "train acc": 97.10815500289185, "train loss": 0.10914058678647737, "train vis loss": 0.10914058678647737, "train F1": 96.96219563484192, "val acc": 85.71428571428571, "val loss": 0.28904944553579387, "val F1": 85.1190447807312, "_runtime": 83.74407601356506, "_step": 6, "_wandb": {"runtime": 87}}