{"_wandb": {"runtime": 13}, "Train F1 AVNRT": 38.87308120727539, "Val F1 AVNRT": 54.05405044555664, "_timestamp": 1721602887.535203, "Train F1 AVRT": 38.27585983276367, "Val F1 AVRT": 51.42857360839844, "Best val F1": 52.741312980651855, "Weight Name": "CNN2023Attia_fold1_tachy_B64_L1e-06_22-07-24-01-01", "Best Val F1 AVNRT": 54.05405044555664, "Best Val F1 AVRT": 51.42857360839844, "Training Confusion Matrix": {"_type": "table-file", "sha256": "6fb4ef11a57af3669feed42376f85067d0ad225568ec205dfb07f045c5a2a7b3", "size": 137, "artifact_path": "wandb-client-artifact://gazmjx830fvrfcql9nwkbw2xugugq8ar21rfzt7v7kkdb7iefs64rj59xr75aemhw8eac8h34y7ettmcpf32ugi9ent6v06pjhqmlvrzir1aaltxi6moa2s1kn0pqgaa/Training Confusion Matrix.table.json", "_latest_artifact_path": "wandb-client-artifact://wbceoo59zhkyoyigvr0fd7p4mp85s7i3hkd9irjro9iqmiwkcg5my0kuuixdalnwx0s22zei995uakl3q0wnyfmlxsnltg7w2pkm0uk2quli9qtf2g7ja30d4jn8fg45:latest/Training Confusion Matrix.table.json", "path": "media/table/Training Confusion Matrix_1_6fb4ef11a57af3669fee.table.json", "ncols": 3, "nrows": 2}, "_runtime": 12.964731931686401, "_step": 1}