{"Train F1 NORM": 96.99201202392578, "Val F1 NORM": 85.49893951416016, "_timestamp": 1722727664.1445165, "Train F1 MI": 76.58646392822266, "Val F1 MI": 30.30303192138672, "Train F1 STTC": 75.56939697265625, "Val F1 STTC": 40.86021423339844, "Train F1 CD": 75.70550537109375, "Val F1 CD": 42.8201789855957, "Train F1 HYP": 67.15745544433594, "Val F1 HYP": 9.8305082321167, "Best val F1": 53.300541639328, "Weight Name": "ECGCNNClassifier_ptb_B64_L1e-07_04-08-24-00-31", "Best Val F1 NORM": 87.87077331542969, "Best Val F1 MI": 41.65802764892578, "Best Val F1 STTC": 48.06722640991211, "Best Val F1 CD": 56.39299774169922, "Best Val F1 HYP": 32.5136604309082, "train acc": 83.44066555872112, "train loss": 2.2445269971378394, "train vis loss": 0.48110010275153203, "train F1": 77.90147662162781, "val acc": 56.69838004628439, "val loss": 1.8055804322977536, "val F1": 41.8135404586792, "_runtime": 3362.462241411209, "_step": 14, "_wandb": {"runtime": 3362}}