{"Train F1 normal": 62.06831359863281, "Val F1 normal": 86.43339538574219, "_timestamp": 1711316421.7844772, "Train F1 AVNRT": 35.26881790161133, "Val F1 AVNRT": 68.53766632080078, "Train F1 AVRT": 24.679487228393555, "Val F1 AVRT": 0.0, "Train F1 concealed": 21.30644416809082, "Val F1 concealed": 38.028167724609375, "Train F1 EAT": 16.966737747192383, "Val F1 EAT": 35.29411697387695, "Best val F1": 45.658668875694275, "Weight Name": "ECGCNNClassifier_tachy_B64_L1e-06_24-03-24-22-38", "Best Val F1 normal": 86.43339538574219, "Best Val F1 AVNRT": 68.53766632080078, "Best Val F1 AVRT": 0.0, "Best Val F1 concealed": 38.028167724609375, "Best Val F1 EAT": 35.29411697387695, "Training Confusion Matrix": {"_type": "table-file", "sha256": "6721694af79c8df7a8041a8f22d6a28a7c86a55efe72a32205da6199fa151aa4", "size": 369, "artifact_path": "wandb-client-artifact://c6aaozbwgr7m9zbcwxo5h7u00fqb7uvmu2jgox350fepovpsbbu27w0z4ng48570c6smklxld1lt5ge2zm72w0p0zbfi276tlplrrr9qdz68o0wxnrj5weibwzqdmurw:latest/Training Confusion Matrix.table.json", "_latest_artifact_path": "wandb-client-artifact://c6aaozbwgr7m9zbcwxo5h7u00fqb7uvmu2jgox350fepovpsbbu27w0z4ng48570c6smklxld1lt5ge2zm72w0p0zbfi276tlplrrr9qdz68o0wxnrj5weibwzqdmurw:latest/Training Confusion Matrix.table.json", "path": "media/table/Training Confusion Matrix_5_6721694af79c8df7a804.table.json", "ncols": 6, "nrows": 5}, "Validation Confusion Matrix": {"_type": "table-file", "sha256": "15ea596ac35fe20f9ebd75fb84076afee4798292c979a02b97bc1c6fbd4f8d1c", "size": 344, "artifact_path": "wandb-client-artifact://klo9z9evh7b5v2c680fcdd07ccscy5xpaenn3jjnq27vhsxtsax59hvklwpi164doz5wz8in1fx9oes80a7tzx0l4ushl69dfd72w7ldxn6blhrb0wu08lup9iuhejpp:latest/Validation Confusion Matrix.table.json", "_latest_artifact_path": "wandb-client-artifact://klo9z9evh7b5v2c680fcdd07ccscy5xpaenn3jjnq27vhsxtsax59hvklwpi164doz5wz8in1fx9oes80a7tzx0l4ushl69dfd72w7ldxn6blhrb0wu08lup9iuhejpp:latest/Validation Confusion Matrix.table.json", "path": "media/table/Validation Confusion Matrix_5_15ea596ac35fe20f9ebd.table.json", "ncols": 6, "nrows": 5}, "train acc": 43.33515184579014, "train loss": 15.239723538243494, "train F1": 32.05795884132385, "val acc": 72.49637155297532, "val loss": 1.4916886253790422, "val F1": 45.658668875694275, "_runtime": 89.63115429878235, "_step": 35, "Test F1": 41.71764850616455, "Test F1 normal": 76.48262023925781, "Test F1 AVNRT": 50.30303192138672, "Test F1 AVRT": 41.935482025146484, "Test F1 concealed": 0.0, "Test F1 EAT": 39.86710739135742, "_wandb": {"runtime": 88}}