{"Train F1 normal": 98.93852233886719, "Val F1 normal": 94.79976654052734, "_timestamp": 1711116747.295044, "Train F1 AVNRT": 98.85540771484375, "Val F1 AVNRT": 74.81805419921875, "Train F1 AVRT": 99.79142761230469, "Val F1 AVRT": 0.0, "Train F1 concealed": 99.67977905273438, "Val F1 concealed": 41.958038330078125, "Train F1 EAT": 99.20106506347656, "Val F1 EAT": 62.0, "Best val F1": 58.43939781188965, "Weight Name": "ECGCNNClassifier_tachy_B64_L1e-06_22-03-24-15-06", "Best Val F1 normal": 94.8748550415039, "Best Val F1 AVNRT": 77.01863098144531, "Best Val F1 AVRT": 0.0, "Best Val F1 concealed": 60.869564056396484, "Best Val F1 EAT": 59.43396759033203, "train Confusion Matrix": {"_type": "table-file", "sha256": "af31b8386b0ea33057c18b44eea120e66550b31ed34b2814c5048a74193de6b6", "size": 366, "artifact_path": "wandb-client-artifact://rawp14bgb2tazf47obhk99ewwri4mfyxjsqbn7jx46hgqif6aqpwayhmgsg68y0udbgilqje9kdahvrk8jlzti6qan1vi4lf0ufu89lh8kftb6cu9idz6do8jvi7plal:latest/train Confusion Matrix.table.json", "_latest_artifact_path": "wandb-client-artifact://rawp14bgb2tazf47obhk99ewwri4mfyxjsqbn7jx46hgqif6aqpwayhmgsg68y0udbgilqje9kdahvrk8jlzti6qan1vi4lf0ufu89lh8kftb6cu9idz6do8jvi7plal:latest/train Confusion Matrix.table.json", "path": "media/table/train Confusion Matrix_10_af31b8386b0ea33057c1.table.json", "ncols": 6, "nrows": 5}, "Val Confusion Matrix": {"_type": "table-file", "sha256": "6089bb017503c24f735ddd289a974b737c08bfe75cb59b7ac89a6470bcd8ddc2", "size": 339, "artifact_path": "wandb-client-artifact://4bk21hl55jz3jtjve2js384jptycdbuzydefvpshinp5smzrv7y15ehkyrtkwo74l5yzxtceb72e0zxv69snhr7k72dwp5o7pt51r0h66y6f585cusvhbcbmp2mt4r70:latest/Val Confusion Matrix.table.json", "_latest_artifact_path": "wandb-client-artifact://4bk21hl55jz3jtjve2js384jptycdbuzydefvpshinp5smzrv7y15ehkyrtkwo74l5yzxtceb72e0zxv69snhr7k72dwp5o7pt51r0h66y6f585cusvhbcbmp2mt4r70:latest/Val Confusion Matrix.table.json", "path": "media/table/Val Confusion Matrix_10_6089bb017503c24f735d.table.json", "ncols": 6, "nrows": 5}, "train acc": 98.93617021276596, "train loss": 12.735305287117182, "train F1": 98.94254803657532, "val acc": 82.65602322206095, "val loss": 0.618312497030605, "val F1": 54.34863567352295, "_runtime": 345.9532608985901, "_step": 22, "_wandb": {"runtime": 345}}