{"Train F1 normal": 99.0726089477539, "Val F1 normal": 93.632080078125, "_timestamp": 1711287908.0804029, "Train F1 AVNRT": 98.19140625, "Val F1 AVNRT": 75.90550994873047, "Train F1 AVRT": 99.15254211425781, "Val F1 AVRT": 3.5714282989501953, "Train F1 concealed": 98.05374908447266, "Val F1 concealed": 52.1212158203125, "Train F1 EAT": 96.21489715576172, "Val F1 EAT": 52.94117736816406, "Best val F1": 57.713109254837036, "Weight Name": "ECGCNNClassifier_tachy_B64_L1e-06_24-03-24-14-33", "Best Val F1 normal": 94.1736068725586, "Best Val F1 AVNRT": 73.2773208618164, "Best Val F1 AVRT": 9.375, "Best Val F1 concealed": 60.63829803466797, "Best Val F1 EAT": 51.101322174072266, "Training Confusion Matrix": {"_type": "table-file", "sha256": "df775f30f2c585ed78f60b86942233e4cb1dba9030a204c2467dd3419fd6fbc0", "size": 353, "artifact_path": "wandb-client-artifact://xtesul6ufbdr70nlt0bj34of8vsu7iykr7iv07d7dpknbwnrxhdpca6ryjxj88bqr2dg7htj7k7wxu4b1j7rzgim7ieyuag8vif1br6bwqr9p17ddsw2xf090ow3cplc:latest/Training Confusion Matrix.table.json", "_latest_artifact_path": "wandb-client-artifact://xtesul6ufbdr70nlt0bj34of8vsu7iykr7iv07d7dpknbwnrxhdpca6ryjxj88bqr2dg7htj7k7wxu4b1j7rzgim7ieyuag8vif1br6bwqr9p17ddsw2xf090ow3cplc:latest/Training Confusion Matrix.table.json", "path": "media/table/Training Confusion Matrix_25_df775f30f2c585ed78f6.table.json", "ncols": 6, "nrows": 5}, "Validation Confusion Matrix": {"_type": "table-file", "sha256": "db3afde99906da70a61d1b235587be3b015c900a4359527da0b0cf0c2ec76be7", "size": 340, "artifact_path": "wandb-client-artifact://sr14o2sc4w5vgcq1hl13k9dbh8opam8adktzwaqkxycy51b8c1ac4hkh09fplwclshw6d863kfzcktuonsbok770lq8dws9q1hniszfusau4qs2k3jvr8wbna8u15jt5:latest/Validation Confusion Matrix.table.json", "_latest_artifact_path": "wandb-client-artifact://sr14o2sc4w5vgcq1hl13k9dbh8opam8adktzwaqkxycy51b8c1ac4hkh09fplwclshw6d863kfzcktuonsbok770lq8dws9q1hniszfusau4qs2k3jvr8wbna8u15jt5:latest/Validation Confusion Matrix.table.json", "path": "media/table/Validation Confusion Matrix_25_db3afde99906da70a61d.table.json", "ncols": 6, "nrows": 5}, "train acc": 98.52700490998363, "train loss": 12.298576515774394, "train F1": 98.14483523368835, "val acc": 81.42235123367199, "val loss": 1.7717072882435538, "val F1": 54.49792742729187, "_runtime": 699.5878629684448, "_step": 67, "Test F1": 53.98690104484558, "Test F1 normal": 94.20989227294922, "Test F1 AVNRT": 71.5686264038086, "Test F1 AVRT": 47.91666793823242, "Test F1 concealed": 1.5384615659713745, "Test F1 EAT": 54.70085144042969, "_wandb": {"runtime": 698}}