{"Train F1 normal": 99.86695861816406, "Val F1 normal": 95.24369049072266, "_timestamp": 1711118134.5752058, "Train F1 AVNRT": 99.84166717529297, "Val F1 AVNRT": 77.84255981445312, "Train F1 AVRT": 100.0, "Val F1 AVRT": 0.0, "Train F1 concealed": 99.9777603149414, "Val F1 concealed": 37.87879180908203, "Train F1 EAT": 99.90945434570312, "Val F1 EAT": 56.830596923828125, "Best val F1": 59.47887301445007, "Weight Name": "ECGCNNClassifier_tachy_B64_L1e-06_22-03-24-15-26", "Best Val F1 normal": 95.67251586914062, "Best Val F1 AVNRT": 80.49921417236328, "Best Val F1 AVRT": 0.0, "Best Val F1 concealed": 61.4525146484375, "Best Val F1 EAT": 59.770118713378906, "train Confusion Matrix": {"_type": "table-file", "sha256": "b1fbfa81dd0f19f98d028e2ac8caa763cf9f9a38b99d4d20080c0068794ee566", "size": 345, "artifact_path": "wandb-client-artifact://5ky38447cjel8yp29vo5bxi7x44ux2tzh6bkbi5vrdld8jewyk4fp5fvz3f647j9tydntxyr9fuq1tecfv7j5iw262b3awwxq9ggnjvfekcaflc4js8vf807j85zjlcs:latest/train Confusion Matrix.table.json", "_latest_artifact_path": "wandb-client-artifact://5ky38447cjel8yp29vo5bxi7x44ux2tzh6bkbi5vrdld8jewyk4fp5fvz3f647j9tydntxyr9fuq1tecfv7j5iw262b3awwxq9ggnjvfekcaflc4js8vf807j85zjlcs:latest/train Confusion Matrix.table.json", "path": "media/table/train Confusion Matrix_23_b1fbfa81dd0f19f98d02.table.json", "ncols": 6, "nrows": 5}, "Val Confusion Matrix": {"_type": "table-file", "sha256": "a09b935f54f5472356a15b938cef9ac03b566a27ce3e9843e6fe976e8ed98e64", "size": 341, "artifact_path": "wandb-client-artifact://gbmkdlf8k5jeeuoxuq96yxgwa9ygunywgfbdexbcw11bacg2zsczdw8xdhddyusay59ahncslkbk63adyhbnvp0lzv6uklrwori2tiebabwxf2p0peaztyhyfllfa6yt:latest/Val Confusion Matrix.table.json", "_latest_artifact_path": "wandb-client-artifact://gbmkdlf8k5jeeuoxuq96yxgwa9ygunywgfbdexbcw11bacg2zsczdw8xdhddyusay59ahncslkbk63adyhbnvp0lzv6uklrwori2tiebabwxf2p0peaztyhyfllfa6yt:latest/Val Confusion Matrix.table.json", "path": "media/table/Val Confusion Matrix_23_a09b935f54f5472356a1.table.json", "ncols": 6, "nrows": 5}, "train acc": 99.89088925259138, "train loss": 11.68717578400013, "train F1": 99.88937377929688, "val acc": 84.61538461538461, "val loss": 0.6670015847141092, "val F1": 55.24746775627136, "_runtime": 538.1774609088898, "_step": 35, "_wandb": {"runtime": 538}}