{"Train F1 NORM": 86.10585021972656, "Val F1 NORM": 87.11874389648438, "_timestamp": 1715604080.8711843, "Train F1 MI": 52.40547561645508, "Val F1 MI": 40.234371185302734, "Train F1 STTC": 53.96477508544922, "Val F1 STTC": 45.01660919189453, "Train F1 CD": 55.134761810302734, "Val F1 CD": 50.89902877807617, "Train F1 HYP": 46.23897171020508, "Val F1 HYP": 28.610729217529297, "Best val F1": 51.2679398059845, "Weight Name": "ECGCNNClassifier_ptb_B64_L1e-08_13-05-24-13-18", "Best Val F1 NORM": 87.13520050048828, "Best Val F1 MI": 39.38775634765625, "Best Val F1 STTC": 46.14107894897461, "Best Val F1 CD": 52.19178009033203, "Best Val F1 HYP": 31.48387336730957, "train acc": 66.55240978157644, "train loss": 1.0827702619713218, "train vis loss": 1.0827702619713218, "train F1": 58.769965171813965, "val acc": 62.22679352018514, "val loss": 1.2169571167132893, "val F1": 50.37590265274048, "_runtime": 4968.658466339111, "_step": 22}