{"Train F1 normal": 71.4261474609375, "Val F1 normal": 88.75946044921875, "_timestamp": 1711316048.5044694, "Train F1 AVNRT": 24.14299774169922, "Val F1 AVNRT": 29.77667808532715, "Train F1 AVRT": 25.85209083557129, "Val F1 AVRT": 0.0, "Train F1 concealed": 27.38589096069336, "Val F1 concealed": 38.46154022216797, "Train F1 EAT": 19.972450256347656, "Val F1 EAT": 17.5572509765625, "Best val F1": 34.910985827445984, "Weight Name": "ECGCNNClassifier_tachy_B64_L1e-06_24-03-24-22-32", "Best Val F1 normal": 88.75946044921875, "Best Val F1 AVNRT": 29.77667808532715, "Best Val F1 AVRT": 0.0, "Best Val F1 concealed": 38.46154022216797, "Best Val F1 EAT": 17.5572509765625, "Training Confusion Matrix": {"_type": "table-file", "sha256": "af2b4bdbc090a8a0f457e2505fba8fdc8292f764a177dfa9a577158de11379d7", "size": 368, "artifact_path": "wandb-client-artifact://f1jxffaf9ujeuv2c8k3m44jy7a2zis311uhtm4fm7x8wzj11nn9xicbsgdz7hwxngrjjoounldgxuvuduf4qhfk5k369r3wennc6kmp4cbc9zbsdhm98gv9tkbk2mnhl:latest/Training Confusion Matrix.table.json", "_latest_artifact_path": "wandb-client-artifact://f1jxffaf9ujeuv2c8k3m44jy7a2zis311uhtm4fm7x8wzj11nn9xicbsgdz7hwxngrjjoounldgxuvuduf4qhfk5k369r3wennc6kmp4cbc9zbsdhm98gv9tkbk2mnhl:latest/Training Confusion Matrix.table.json", "path": "media/table/Training Confusion Matrix_5_af2b4bdbc090a8a0f457.table.json", "ncols": 6, "nrows": 5}, "Validation Confusion Matrix": {"_type": "table-file", "sha256": "54f29bd14464b85b88eb2f10c012b9f3a5673a898f4c3f9764db78a5a649ae68", "size": 340, "artifact_path": "wandb-client-artifact://vc6a23d0ekdgkjyjixglr1otryi5vazj04fg9ls0ixt627xpf4tsbv409cd7dpeo7883rjzcansvi65yf7ujkz3naj06t92atoc9ewek91xvgvmfv559e99kio59v14g:latest/Validation Confusion Matrix.table.json", "_latest_artifact_path": "wandb-client-artifact://vc6a23d0ekdgkjyjixglr1otryi5vazj04fg9ls0ixt627xpf4tsbv409cd7dpeo7883rjzcansvi65yf7ujkz3naj06t92atoc9ewek91xvgvmfv559e99kio59v14g:latest/Validation Confusion Matrix.table.json", "path": "media/table/Validation Confusion Matrix_5_54f29bd14464b85b88eb.table.json", "ncols": 6, "nrows": 5}, "train acc": 49.25440989270777, "train loss": 15.18385197949964, "train F1": 33.755919337272644, "val acc": 64.58635703918722, "val loss": 1.3860121152617715, "val F1": 34.910985827445984, "_runtime": 100.00158643722534, "_step": 35, "Test F1": 35.04426181316376, "Test F1 normal": 83.9565658569336, "Test F1 AVNRT": 18.33333396911621, "Test F1 AVRT": 42.16216278076172, "Test F1 concealed": 0.0, "Test F1 EAT": 30.76923179626465, "_wandb": {"runtime": 94}}