{"train acc": 99.8056002574831, "train loss": 5.975962636891071, "train F1": 99.81356859207153, "_timestamp": 1710765503.6547804, "_runtime": 3368.5330913066864, "_step": 444, "val acc": 93.13985541166069, "val loss": 1.1061188716844246, "val F1": 46.890684962272644, "Train F1 normal": 99.8600082397461, "Val F1 normal": 96.97498321533203, "Train F1 AVNRT": 99.54391479492188, "Val F1 AVNRT": 38.68909454345703, "Train F1 AVRT": 99.96019744873047, "Val F1 AVRT": 86.21553802490234, "Train F1 concealed": 99.70372009277344, "Val F1 concealed": 8.652246475219727, "Train F1 EAT": 100.0, "Val F1 EAT": 3.9215683937072754, "Best F1": 47.98786640167236, "Weight Name": "ECGCNNClassifier_pre_B64_L1e-06_18-03-24-12-42", "Best Train F1 normal": 99.84358215332031, "Best Val F1 normal": 97.16446685791016, "Best Train F1 AVNRT": 99.53018951416016, "Best Val F1 AVNRT": 40.09632873535156, "Best Train F1 AVRT": 99.9522476196289, "Best Val F1 AVRT": 86.53113555908203, "Best Train F1 concealed": 99.68817901611328, "Best Val F1 concealed": 15.360000610351562, "Best Train F1 EAT": 99.9725341796875, "Best Val F1 EAT": 0.7874016761779785}