{"Train F1 NORM": 96.87896728515625, "Val F1 NORM": 82.2197036743164, "_timestamp": 1715076793.8411736, "Train F1 MI": 68.94573211669922, "Val F1 MI": 25.71166229248047, "Train F1 STTC": 69.547119140625, "Val F1 STTC": 28.493148803710938, "Train F1 CD": 66.66171264648438, "Val F1 CD": 32.55425262451172, "Train F1 HYP": 63.66886901855469, "Val F1 HYP": 8.023775100708008, "Best val F1": 49.47334825992584, "Weight Name": "ECGCNNClassifier_ptb_B64_L1e-06_07-05-24-12-05", "Best Val F1 NORM": 83.23499298095703, "Best Val F1 MI": 37.68115997314453, "Best Val F1 STTC": 38.96663284301758, "Best Val F1 CD": 49.611061096191406, "Best Val F1 HYP": 37.872894287109375, "train acc": 78.68049705139006, "train loss": 2.355342822444158, "train vis loss": 0.6066093330431466, "train F1": 73.14048409461975, "val acc": 47.94152744630071, "val loss": 1.8562088035187632, "val F1": 35.40050685405731, "_runtime": 443.0219466686249, "_step": 9, "_wandb": {"runtime": 467}}