{"Epochs": 9, "_timestamp": 1710778162.6748784, "_runtime": 593.1992652416229, "_step": 114, "train acc": 92.71837785645317, "train loss": 11.19427101851688, "train F1": 92.71668791770935, "val acc": 89.44973214750091, "val loss": 0.34959846968063696, "val F1": 46.18593156337738, "Train F1 normal": 82.53714752197266, "Val F1 normal": 94.94911193847656, "Train F1 AVNRT": 82.2451171875, "Val F1 AVNRT": 31.33816146850586, "Train F1 AVRT": 99.57251739501953, "Val F1 AVRT": 86.96757507324219, "Train F1 concealed": 99.40583038330078, "Val F1 concealed": 15.008157730102539, "Train F1 EAT": 99.82281494140625, "Val F1 EAT": 2.6666669845581055, "Best val F1": 46.18593156337738, "Weight Name": "ECGCNNClassifier_pre_B64_L1e-06_18-03-24-16-59", "Best Val F1 normal": 94.94911193847656, "Best Val F1 AVNRT": 31.33816146850586, "Best Val F1 AVRT": 86.96757507324219, "Best Val F1 concealed": 15.008157730102539, "Best Val F1 EAT": 2.6666669845581055}