{"_wandb": {"runtime": 36}, "Train F1 NORM": 66.04487609863281, "Val F1 NORM": 76.3876953125, "_timestamp": 1722724212.4697955, "Train F1 MI": 27.64023780822754, "Val F1 MI": 33.37912368774414, "Train F1 STTC": 2.4356296062469482, "Val F1 STTC": 2.5824966430664062, "Train F1 CD": 11.658499717712402, "Val F1 CD": 10.867293357849121, "Train F1 HYP": 26.324466705322266, "Val F1 HYP": 29.219144821166992, "Best val F1": 30.487152934074402, "Weight Name": "ECGCNNClassifier_ptb_B64_L1e-07_04-08-24-00-29", "Best Val F1 NORM": 76.3876953125, "Best Val F1 MI": 33.37912368774414, "Best Val F1 STTC": 2.5824966430664062, "Best Val F1 CD": 10.867293357849121, "Best Val F1 HYP": 29.219144821166992, "train acc": 40.08487654320987, "train loss": 3.3296859931553344, "train vis loss": 1.53192295262843, "train F1": 26.82074010372162, "val acc": 46.438673180766266, "val loss": 1.476754430864678, "val F1": 30.487152934074402, "_runtime": 30.418440580368042, "_step": 1}