{"Train F1 normal": 99.35369110107422, "Val F1 normal": 95.29480743408203, "_timestamp": 1711115500.6019087, "Train F1 AVNRT": 99.08772277832031, "Val F1 AVNRT": 72.40876007080078, "Train F1 AVRT": 99.88519287109375, "Val F1 AVRT": 0.0, "Train F1 concealed": 99.801025390625, "Val F1 concealed": 46.47887420654297, "Train F1 EAT": 99.44903564453125, "Val F1 EAT": 60.41666793823242, "Best val F1": 57.2342574596405, "Weight Name": "ECGCNNClassifier_tachy_B64_L1e-06_22-03-24-14-44", "Best Val F1 normal": 95.5330581665039, "Best Val F1 AVNRT": 72.39820098876953, "Best Val F1 AVRT": 0.0, "Best Val F1 concealed": 52.63157653808594, "Best Val F1 EAT": 65.60846710205078, "train Confusion Matrix": {"_type": "table-file", "sha256": "b41ab00c511f8ee20cbd1c84fba63b7451fa713472122a75a8f02f767736a65b", "size": 352, "artifact_path": "wandb-client-artifact://aukks6cg3oxuslojdwqpno5phivjtmg83t8u9io6g46pwj3bdx6toyhkusazgxkzg4v8uzf2rbcfrr2zg7m1xffygd4yh2x8bix04lc5sd0egk4yvcnetd9ttloxt1cd:latest/train Confusion Matrix.table.json", "_latest_artifact_path": "wandb-client-artifact://aukks6cg3oxuslojdwqpno5phivjtmg83t8u9io6g46pwj3bdx6toyhkusazgxkzg4v8uzf2rbcfrr2zg7m1xffygd4yh2x8bix04lc5sd0egk4yvcnetd9ttloxt1cd:latest/train Confusion Matrix.table.json", "path": "media/table/train Confusion Matrix_15_b41ab00c511f8ee20cbd.table.json", "ncols": 6, "nrows": 5}, "Val Confusion Matrix": {"_type": "table-file", "sha256": "b90ac44aca6e19fe6e78b1dec302bb4dde98ccacc5c6430c265aeb718ca58def", "size": 342, "artifact_path": "wandb-client-artifact://l2tlxcfb90kh8aatnm5ugj52r0myc2vg60pvgsrmqwkejy0x3476m4gq3m2r1177tz8enifoy8fjjble6kfx9zz4ae1de3za0bj5igo6iyngsdy8pkt505o6ondve1xp:latest/Val Confusion Matrix.table.json", "_latest_artifact_path": "wandb-client-artifact://l2tlxcfb90kh8aatnm5ugj52r0myc2vg60pvgsrmqwkejy0x3476m4gq3m2r1177tz8enifoy8fjjble6kfx9zz4ae1de3za0bj5igo6iyngsdy8pkt505o6ondve1xp:latest/Val Confusion Matrix.table.json", "path": "media/table/Val Confusion Matrix_15_b90ac44aca6e19fe6e78.table.json", "ncols": 6, "nrows": 5}, "train acc": 99.3817057646845, "train loss": 12.370432759440222, "train F1": 99.3826687335968, "val acc": 83.30914368650217, "val loss": 0.6957886178385128, "val F1": 53.39646339416504, "_runtime": 431.4978187084198, "_step": 27, "_wandb": {"runtime": 432}}