{"Train F1 NORM": 83.14115142822266, "Val F1 NORM": 78.83917999267578, "_timestamp": 1715246970.562291, "Train F1 MI": 55.13411331176758, "Val F1 MI": 30.883920669555664, "Train F1 STTC": 56.41952896118164, "Val F1 STTC": 42.80031967163086, "Train F1 CD": 57.32481002807617, "Val F1 CD": 46.86140441894531, "Train F1 HYP": 48.14478302001953, "Val F1 HYP": 13.834587097167969, "Best val F1": 42.64388084411621, "Weight Name": "ECGCNNClassifier_ptb_B64_L1e-06_09-05-24-11-26", "Best Val F1 NORM": 78.83917999267578, "Best Val F1 MI": 30.883920669555664, "Best Val F1 STTC": 42.80031967163086, "Best Val F1 CD": 46.86140441894531, "Best Val F1 HYP": 13.834587097167969, "train acc": 62.81067021838012, "train loss": 1.021320079084953, "train vis loss": 1.021320079084953, "train F1": 60.03287434577942, "val acc": 48.62834748530373, "val loss": 1.4774873070418835, "val F1": 42.64388084411621, "_runtime": 174.7419888973236, "_step": 1}