{"Train F1 normal": 99.60954284667969, "Val F1 normal": 94.28237915039062, "_timestamp": 1711284503.563497, "Train F1 AVNRT": 99.68368530273438, "Val F1 AVNRT": 73.0434799194336, "Train F1 AVRT": 99.97666931152344, "Val F1 AVRT": 3.6363635063171387, "Train F1 concealed": 99.90663146972656, "Val F1 concealed": 41.86046600341797, "Train F1 EAT": 99.84050750732422, "Val F1 EAT": 47.61904525756836, "Best val F1": 58.60363841056824, "Weight Name": "ECGCNNClassifier_tachy_B64_L1e-06_24-03-24-13-39", "Best Val F1 normal": 95.90017700195312, "Best Val F1 AVNRT": 75.5490493774414, "Best Val F1 AVRT": 3.5087718963623047, "Best Val F1 concealed": 56.52173614501953, "Best Val F1 EAT": 61.5384635925293, "Training Confusion Matrix": {"_type": "table-file", "sha256": "f82505bcad113c7af5f2b8d23c561333d8fb36307565b1cba0e96526f5a93c16", "size": 351, "artifact_path": "wandb-client-artifact://jy59ehyqmevqgq1fa6fr5crle6zbo21uvcu8d2snq90u35u1mfy40gut7xm6bneebqijahijnjkpjyydo2v0txnhriy3r77sk16uadxhj2tjtbrhr3lzbvbgofl3whi3:latest/Training Confusion Matrix.table.json", "_latest_artifact_path": "wandb-client-artifact://jy59ehyqmevqgq1fa6fr5crle6zbo21uvcu8d2snq90u35u1mfy40gut7xm6bneebqijahijnjkpjyydo2v0txnhriy3r77sk16uadxhj2tjtbrhr3lzbvbgofl3whi3:latest/Training Confusion Matrix.table.json", "path": "media/table/Training Confusion Matrix_20_f82505bcad113c7af5f2.table.json", "ncols": 6, "nrows": 5}, "Validation Confusion Matrix": {"_type": "table-file", "sha256": "af6aa2c1477d16f71dc13cb05d1d383b41254cab6ef3577738bff911ac190cf0", "size": 341, "artifact_path": "wandb-client-artifact://e5qi1kual8ueuqzdyndk500w58xfaiqiq9cy8j402ltelomg37fjg59k4uiphd25xjlcs8taeabpku8tdnj7yr66c9hvtyrekzmuodiqieybbj25l1va0i6q430k2xxj:latest/Validation Confusion Matrix.table.json", "_latest_artifact_path": "wandb-client-artifact://e5qi1kual8ueuqzdyndk500w58xfaiqiq9cy8j402ltelomg37fjg59k4uiphd25xjlcs8taeabpku8tdnj7yr66c9hvtyrekzmuodiqieybbj25l1va0i6q430k2xxj:latest/Validation Confusion Matrix.table.json", "path": "media/table/Validation Confusion Matrix_20_af6aa2c1477d16f71dc1.table.json", "ncols": 6, "nrows": 5}, "train acc": 99.7181305691944, "train loss": 12.079020272853763, "train F1": 99.71451163291931, "val acc": 81.71262699564586, "val loss": 0.6339349367401816, "val F1": 52.10040807723999, "_runtime": 539.219733953476, "_step": 33, "Test F1": 55.576902627944946}