{"Train F1 NORM": 84.27938842773438, "Val F1 NORM": 83.21678924560547, "_timestamp": 1715076231.3998706, "Train F1 MI": 46.75345993041992, "Val F1 MI": 35.283363342285156, "Train F1 STTC": 52.50471878051758, "Val F1 STTC": 34.962406158447266, "Train F1 CD": 53.58720397949219, "Val F1 CD": 47.10812759399414, "Train F1 HYP": 46.600059509277344, "Val F1 HYP": 26.187419891357422, "Best val F1": 46.74465358257294, "Weight Name": "ECGCNNClassifier_ptb_B64_L1e-07_07-05-24-11-55", "Best Val F1 NORM": 81.7054214477539, "Best Val F1 MI": 35.47511291503906, "Best Val F1 STTC": 33.05439758300781, "Best Val F1 CD": 49.256202697753906, "Best Val F1 HYP": 34.23212432861328, "train acc": 63.33719460825611, "train loss": 1.108750355865819, "train vis loss": 1.108750355865819, "train F1": 56.7449688911438, "val acc": 54.68377088305489, "val loss": 1.2772859627345823, "val F1": 45.35162150859833, "_runtime": 526.8740947246552, "_step": 11, "_wandb": {"runtime": 559}}