{"_wandb": {"runtime": 431}, "Train F1 normal": 0.0, "Val F1 normal": 0.0, "_timestamp": 1715074460.054307, "Train F1 AVNRT": 20.83333396911621, "Val F1 AVNRT": 0.0, "Train F1 AVRT": 13.333333969116211, "Val F1 AVRT": 16.666667938232422, "Train F1 concealed": 8.69565200805664, "Val F1 concealed": 0.0, "Train F1 EAT": 21.582735061645508, "Val F1 EAT": 0.0, "Best val F1": 4.16666679084301, "Weight Name": "ECGCNNClassifier_fold1_tachy_B64_L1e-05_07-05-24-11-34", "Best Val F1 normal": 0.0, "Best Val F1 AVNRT": 0.0, "Best Val F1 AVRT": 16.666667938232422, "Best Val F1 concealed": 0.0, "Best Val F1 EAT": 0.0, "_runtime": 6.926990985870361, "_step": 1}