{"Train F1 NORM": 80.00939178466797, "Val F1 NORM": 82.43161010742188, "_timestamp": 1715616350.3521466, "Train F1 MI": 34.00373077392578, "Val F1 MI": 30.340015411376953, "Train F1 STTC": 34.31329345703125, "Val F1 STTC": 32.35293960571289, "Train F1 CD": 37.873382568359375, "Val F1 CD": 39.55882263183594, "Train F1 HYP": 34.47703552246094, "Val F1 HYP": 31.354984283447266, "Best val F1": 43.20767521858215, "Weight Name": "ECGCNNClassifier_ptb_B64_L1e-08_13-05-24-17-50", "Best Val F1 NORM": 82.43161010742188, "Best Val F1 MI": 30.340015411376953, "Best Val F1 STTC": 32.35293960571289, "Best Val F1 CD": 39.55882263183594, "Best Val F1 HYP": 31.354984283447266, "train acc": 53.677983539094654, "train loss": 1.3147184691801974, "train vis loss": 1.3147184691801974, "train F1": 44.13536489009857, "val acc": 54.3841604525585, "val loss": 1.2969809936695411, "val F1": 43.20767521858215, "_runtime": 917.5882976055145, "_step": 37, "_wandb": {"runtime": 923}}