{"Train F1 NORM": 90.87330627441406, "Val F1 NORM": 78.68663787841797, "_timestamp": 1715248669.6006787, "Train F1 MI": 68.2801284790039, "Val F1 MI": 33.786407470703125, "Train F1 STTC": 68.47315979003906, "Val F1 STTC": 40.40235137939453, "Train F1 CD": 67.34028625488281, "Val F1 CD": 46.98075485229492, "Train F1 HYP": 62.44232177734375, "Val F1 HYP": 12.765957832336426, "Best val F1": 51.69231295585632, "Weight Name": "ECGCNNClassifier_ptb_B64_L1e-07_09-05-24-11-37", "Best Val F1 NORM": 80.86347961425781, "Best Val F1 MI": 40.59406280517578, "Best Val F1 STTC": 48.97958755493164, "Best Val F1 CD": 55.42168426513672, "Best Val F1 HYP": 32.60273742675781, "train acc": 73.5983715728897, "train loss": 3.957436142435411, "train vis loss": 3.957436142435411, "train F1": 71.48184180259705, "val acc": 48.791639451338995, "val loss": 7.347986916700999, "val F1": 42.52442419528961, "_runtime": 1224.9925656318665, "_step": 7, "_wandb": {"runtime": 1280}}