{"_wandb": {"runtime": 19}, "Train F1 normal": 31.239192962646484, "Val F1 normal": 0.4000000059604645, "_timestamp": 1715890289.4561903, "Train F1 PSVT": 46.891231536865234, "Val F1 PSVT": 50.10020065307617, "Best val F1": 25.25010108947754, "Weight Name": "ECGCNNClassifier_fold3_pre_B64_L1e-06_16-05-24-22-11", "Best Val F1 normal": 0.4000000059604645, "Best Val F1 PSVT": 50.10020065307617, "Training Confusion Matrix": {"_type": "table-file", "sha256": "d873e7c0361f58e93c1354b0c74174641c7c3c1a4fe6c5aa6b2f445000dc0b8d", "size": 132, "artifact_path": "wandb-client-artifact://jxxr85k8oma1dxols9ehwnxnkvjjs9k6v8gpwq8pqmn0ifjvu9rk2o5luxpbtv0xfu6evci5zafpbb2qwwicx92lbmi56cov4f3e47a3c26gj0vxhj3m0g0tunk4ah2c:latest/Training Confusion Matrix.table.json", "_latest_artifact_path": "wandb-client-artifact://jxxr85k8oma1dxols9ehwnxnkvjjs9k6v8gpwq8pqmn0ifjvu9rk2o5luxpbtv0xfu6evci5zafpbb2qwwicx92lbmi56cov4f3e47a3c26gj0vxhj3m0g0tunk4ah2c:latest/Training Confusion Matrix.table.json", "path": "media/table/Training Confusion Matrix_1_d873e7c0361f58e93c13.table.json", "ncols": 3, "nrows": 2}, "_runtime": 19.234583377838135, "_step": 1}