{"Train F1 NORM": 91.06649780273438, "Val F1 NORM": 84.31253051757812, "_timestamp": 1722263288.5352497, "Train F1 MI": 68.65194702148438, "Val F1 MI": 33.88937759399414, "Train F1 STTC": 67.3681411743164, "Val F1 STTC": 35.58380126953125, "Train F1 CD": 66.39386749267578, "Val F1 CD": 39.64456558227539, "Train F1 HYP": 63.090675354003906, "Val F1 HYP": 7.154471397399902, "Best val F1": 50.26621222496033, "Weight Name": "ECGCNNClassifier_ptb_B6_L1e-07_29-07-24-15-35", "Best Val F1 NORM": 87.29833221435547, "Best Val F1 MI": 36.72566604614258, "Best Val F1 STTC": 46.8016242980957, "Best Val F1 CD": 51.3176155090332, "Best Val F1 HYP": 29.187816619873047, "train acc": 76.77271288382398, "train loss": 1.1341732486309475, "train vis loss": 0.7536736420855007, "train F1": 71.31422758102417, "val acc": 54.53844175880689, "val loss": 1.7844798308560403, "val F1": 40.11695086956024, "_runtime": 3160.9617507457733, "_step": 4, "_wandb": {"runtime": 3905}}