{"Train F1 NORM": 89.64682006835938, "Val F1 NORM": 87.21759796142578, "_timestamp": 1715598873.31958, "Train F1 MI": 64.32382202148438, "Val F1 MI": 35.58162307739258, "Train F1 STTC": 63.90556716918945, "Val F1 STTC": 42.92379379272461, "Train F1 CD": 62.099884033203125, "Val F1 CD": 48.17813491821289, "Train F1 HYP": 59.38139724731445, "Val F1 HYP": 12.199036598205566, "Best val F1": 51.266902685165405, "Weight Name": "ECGCNNClassifier_ptb_B64_L5e-08_13-05-24-12-36", "Best Val F1 NORM": 86.97478485107422, "Best Val F1 MI": 39.762611389160156, "Best Val F1 STTC": 42.894508361816406, "Best Val F1 CD": 53.538055419921875, "Best Val F1 HYP": 33.164554595947266, "train acc": 73.92766698322254, "train loss": 0.8752059408591193, "train vis loss": 0.8752059408591193, "train F1": 67.87149310112, "val acc": 59.65543841604526, "val loss": 1.4011040437416953, "val F1": 45.220041275024414, "_runtime": 2283.4848141670227, "_step": 10, "_wandb": {"runtime": 2501}}