{"train acc": 99.78242677824268, "train loss": 6.236906763749225, "train F1": 99.77748990058899, "_timestamp": 1710768705.3946445, "_runtime": 2971.9990344047546, "_step": 402, "val acc": 93.44671555624903, "val loss": 1.0056213765041344, "val F1": 47.9081392288208, "Train F1 normal": 99.8416519165039, "Val F1 normal": 97.26469421386719, "Train F1 AVNRT": 99.49934387207031, "Val F1 AVNRT": 40.78711700439453, "Train F1 AVRT": 99.96815490722656, "Val F1 AVRT": 86.15574645996094, "Train F1 concealed": 99.68807983398438, "Val F1 concealed": 10.63515567779541, "Train F1 EAT": 99.89022827148438, "Val F1 EAT": 4.697986602783203, "Best val F1": 48.0682373046875, "Weight Name": "ECGCNNClassifier_pre_B64_L1e-06_18-03-24-13-42", "Best Val F1 normal": 97.0689926147461, "Best Val F1 AVNRT": 42.62727355957031, "Best Val F1 AVRT": 86.64987182617188, "Best Val F1 concealed": 8.400646209716797, "Best Val F1 EAT": 5.5944061279296875, "_wandb": {"runtime": 2979}}